Time,S,E,I,R
0.0,900.0,100.0,0.0,0.0
0.11076529794874211,900.0,99.0,1.0,0.0
0.1612661182623436,900.0,98.0,2.0,0.0
0.26663312433784286,900.0,97.0,3.0,0.0
0.31165424278753384,900.0,96.0,4.0,0.0
0.4581634395377565,900.0,95.0,5.0,0.0
0.5690792246029119,900.0,94.0,6.0,0.0
0.5706479847181112,899.0,95.0,6.0,0.0
0.6255202196681969,899.0,94.0,7.0,0.0
0.6298156789147814,899.0,93.0,8.0,0.0
0.6317575407769054,899.0,92.0,9.0,0.0
0.6341877296271774,899.0,91.0,10.0,0.0
0.6649463707222291,899.0,90.0,11.0,0.0
0.7046103930959208,899.0,89.0,12.0,0.0
0.710995667612439,899.0,88.0,13.0,0.0
0.7129581379279182,899.0,87.0,14.0,0.0
0.7312313068397237,899.0,86.0,15.0,0.0
0.791972243697878,899.0,85.0,16.0,0.0
0.8310729039860792,899.0,85.0,15.0,0.0
0.8589080238014979,899.0,84.0,16.0,0.0
0.9077133953859263,898.0,85.0,16.0,0.0
0.9349167922770838,897.0,86.0,16.0,0.0
0.9402330770447274,897.0,85.0,17.0,0.0
0.9460719584998278,897.0,84.0,18.0,0.0
1.0992938149463112,897.0,83.0,19.0,0.0
1.1841133650111884,897.0,82.0,20.0,0.0
1.22460760486857,896.0,83.0,20.0,0.0
1.2460520719226407,896.0,82.0,21.0,0.0
1.2508433202679912,896.0,81.0,22.0,0.0
1.2596279348276966,896.0,80.0,23.0,0.0
1.2783855557988304,895.0,81.0,23.0,0.0
1.2838935911495302,894.0,82.0,23.0,0.0
1.292739503490987,893.0,83.0,23.0,0.0
1.4124766629423229,892.0,84.0,23.0,0.0
1.4246507581603074,892.0,83.0,24.0,0.0
1.4274339755262075,892.0,82.0,25.0,0.0
1.4276141691442061,892.0,81.0,26.0,0.0
1.5519072987875424,892.0,80.0,27.0,0.0
1.5599012823023952,892.0,80.0,26.0,0.0
1.56793721827798,892.0,79.0,27.0,0.0
1.618857151401631,892.0,78.0,28.0,0.0
1.6402164701075723,891.0,79.0,28.0,0.0
1.6701123077346829,891.0,78.0,29.0,0.0
1.7116053047988564,891.0,77.0,30.0,0.0
1.7119554385208602,891.0,76.0,31.0,0.0
1.7601570738200212,891.0,75.0,32.0,0.0
1.767574019223522,891.0,74.0,33.0,0.0
1.7751605944023892,891.0,74.0,32.0,0.0
1.7826258558845236,891.0,73.0,33.0,0.0
1.7833478610198579,890.0,74.0,33.0,0.0
1.810767079597555,889.0,75.0,33.0,0.0
1.8230123100870277,889.0,75.0,32.0,0.0
1.9029594099404676,889.0,74.0,33.0,0.0
1.9226206366371887,888.0,75.0,33.0,0.0
1.9560785540484715,888.0,74.0,34.0,0.0
2.0269109112401105,888.0,73.0,35.0,0.0
2.0657809445954376,887.0,74.0,35.0,0.0
2.1190795989033564,887.0,74.0,34.0,0.0
2.1820853579106205,886.0,75.0,34.0,0.0
2.2001827030293835,886.0,75.0,33.0,0.0
2.2128329232496515,886.0,74.0,34.0,0.0
2.221690968205712,886.0,74.0,33.0,0.0
2.2554323796887696,886.0,73.0,34.0,0.0
2.2658738586937277,885.0,74.0,34.0,0.0
2.274219799578769,884.0,75.0,34.0,0.0
2.29553453588528,884.0,74.0,35.0,0.0
2.3143548849505935,883.0,75.0,35.0,0.0
2.417666184192269,882.0,76.0,35.0,0.0
2.4754141553439544,881.0,77.0,35.0,0.0
2.481279085951795,881.0,77.0,34.0,0.0
2.511456584582117,881.0,76.0,35.0,0.0
2.5226343917454033,881.0,75.0,36.0,0.0
2.568722483371919,881.0,74.0,37.0,0.0
2.6119711442690616,880.0,75.0,37.0,0.0
2.6521574138518385,879.0,76.0,37.0,0.0
2.6829184001858692,878.0,77.0,37.0,0.0
2.70490972832103,878.0,76.0,38.0,0.0
2.775819891193972,878.0,75.0,39.0,0.0
2.853371619248158,878.0,74.0,40.0,0.0
2.880695610195728,877.0,75.0,40.0,0.0
2.8976255672972613,877.0,74.0,41.0,0.0
2.9346693550622898,876.0,75.0,41.0,0.0
2.9828255652277345,876.0,74.0,42.0,0.0
2.983621304577408,876.0,73.0,43.0,0.0
2.988566931655507,875.0,74.0,43.0,0.0
3.0098597819332755,874.0,75.0,43.0,0.0
3.0566188219681543,874.0,75.0,42.0,0.0
3.1019340594447695,874.0,74.0,43.0,0.0
3.1138409039441886,873.0,75.0,43.0,0.0
3.1536197586625674,873.0,75.0,42.0,0.0
3.169531895917293,873.0,74.0,43.0,0.0
3.200516821874461,873.0,73.0,44.0,0.0
3.2016443416158884,872.0,74.0,44.0,0.0
3.2249642803909606,871.0,75.0,44.0,0.0
3.25470128969881,871.0,74.0,45.0,0.0
3.2691672068147217,870.0,75.0,45.0,0.0
3.2868291709790785,869.0,76.0,45.0,0.0
3.3967338889780985,868.0,77.0,45.0,0.0
3.4254772180298043,868.0,77.0,44.0,0.0
3.4367480998003237,868.0,76.0,45.0,0.0
3.4890080555481555,868.0,75.0,46.0,0.0
3.5217429812482846,868.0,74.0,47.0,0.0
3.52746576378404,867.0,75.0,47.0,0.0
3.546704429634898,867.0,74.0,48.0,0.0
3.5553112768755457,867.0,73.0,49.0,0.0
3.5924857659332177,867.0,72.0,50.0,0.0
3.6146505481033264,867.0,71.0,51.0,0.0
3.632950612168726,866.0,72.0,51.0,0.0
3.655411740546507,865.0,73.0,51.0,0.0
3.6981258198136184,865.0,73.0,50.0,0.0
3.725266904293977,864.0,74.0,50.0,0.0
3.7710659747317323,863.0,75.0,50.0,0.0
3.821852464745799,863.0,75.0,49.0,0.0
3.8264619438719523,863.0,75.0,48.0,0.0
3.864299789585189,862.0,76.0,48.0,0.0
3.885054771673309,861.0,77.0,48.0,0.0
3.9053327963632696,861.0,76.0,49.0,0.0
3.953700355100512,861.0,76.0,48.0,0.0
4.067640121339032,860.0,77.0,48.0,0.0
4.086958044476229,860.0,77.0,47.0,0.0
4.10914059135232,859.0,78.0,47.0,0.0
4.113555138562685,858.0,79.0,47.0,0.0
4.115304916342459,857.0,80.0,47.0,0.0
4.116309723062633,856.0,81.0,47.0,0.0
4.138675872957534,856.0,80.0,48.0,0.0
4.138720089669042,856.0,80.0,47.0,0.0
4.147697644897636,856.0,79.0,48.0,0.0
4.164077756417468,856.0,79.0,47.0,0.0
4.171938431212118,856.0,78.0,48.0,0.0
4.184092302792616,856.0,77.0,49.0,0.0
4.197347560444399,856.0,76.0,50.0,0.0
4.2003845092286065,855.0,77.0,50.0,0.0
4.214126040866122,855.0,76.0,51.0,0.0
4.228457835375044,854.0,77.0,51.0,0.0
4.285702969142536,853.0,78.0,51.0,0.0
4.294257691998679,852.0,79.0,51.0,0.0
4.364225965713064,851.0,80.0,51.0,0.0
4.368858407271305,851.0,80.0,50.0,0.0
4.399738139021814,851.0,79.0,51.0,0.0
4.446345415733903,850.0,80.0,51.0,0.0
4.458011837100929,849.0,81.0,51.0,0.0
4.4635158981741645,848.0,82.0,51.0,0.0
4.522654995793754,848.0,82.0,50.0,0.0
4.608120958537978,848.0,81.0,51.0,0.0
4.64226539601413,847.0,82.0,51.0,0.0
4.649178267933997,847.0,81.0,52.0,0.0
4.70472611309426,846.0,82.0,52.0,0.0
4.762786449336456,845.0,83.0,52.0,0.0
4.7780837365955104,845.0,82.0,53.0,0.0
4.7887859439028855,845.0,81.0,54.0,0.0
4.789940635715146,845.0,81.0,53.0,0.0
4.795081340412665,844.0,82.0,53.0,0.0
4.876228583266042,843.0,83.0,53.0,0.0
4.919315309294846,843.0,82.0,54.0,0.0
4.920620903951829,842.0,83.0,54.0,0.0
4.923806688873117,842.0,82.0,55.0,0.0
5.008704640954924,842.0,81.0,56.0,0.0
5.022984998098444,842.0,80.0,57.0,0.0
5.0606595525555695,841.0,81.0,57.0,0.0
5.085290057474805,841.0,80.0,58.0,0.0
5.12295758235714,841.0,80.0,57.0,0.0
5.14483387226141,841.0,79.0,58.0,0.0
5.238898926862464,841.0,78.0,59.0,0.0
5.293066243807584,840.0,79.0,59.0,0.0
5.3080467191040155,840.0,79.0,58.0,0.0
5.31813512269141,839.0,80.0,58.0,0.0
5.331914399236338,838.0,81.0,58.0,0.0
5.367381905056956,838.0,80.0,59.0,0.0
5.369477938762475,837.0,81.0,59.0,0.0
5.374760762474716,836.0,82.0,59.0,0.0
5.383416951365692,836.0,81.0,60.0,0.0
5.399975672746363,836.0,80.0,61.0,0.0
5.41817531287767,835.0,81.0,61.0,0.0
5.423972583737763,835.0,80.0,62.0,0.0
5.4388750966048836,835.0,80.0,61.0,0.0
5.525374090638099,835.0,79.0,62.0,0.0
5.543845403682695,835.0,78.0,63.0,0.0
5.604757098114483,834.0,79.0,63.0,0.0
5.628520763769708,834.0,79.0,62.0,0.0
5.684263999121283,834.0,79.0,61.0,0.0
5.691775106601471,834.0,78.0,62.0,0.0
5.711476634414138,834.0,77.0,63.0,0.0
5.7940960172747005,834.0,76.0,64.0,0.0
5.869919812999001,833.0,77.0,64.0,0.0
5.931374801471034,832.0,78.0,64.0,0.0
5.947356389794981,831.0,79.0,64.0,0.0
5.969472547999426,831.0,79.0,63.0,0.0
5.97228193173971,830.0,80.0,63.0,0.0
6.018457601779128,830.0,80.0,62.0,0.0
6.080741653105665,829.0,81.0,62.0,0.0
6.0866835504229355,829.0,80.0,63.0,0.0
6.099025198394994,829.0,79.0,64.0,0.0
6.11778850343959,829.0,78.0,65.0,0.0
6.128253648495805,828.0,79.0,65.0,0.0
6.136361675246915,828.0,78.0,66.0,0.0
6.139679928241527,828.0,77.0,67.0,0.0
6.172995392667261,827.0,78.0,67.0,0.0
6.195955368199159,826.0,79.0,67.0,0.0
6.197062109311178,826.0,78.0,68.0,0.0
6.207470453485731,826.0,78.0,67.0,0.0
6.2109919346446185,826.0,77.0,68.0,0.0
6.212271440322175,826.0,77.0,67.0,0.0
6.218189873891369,825.0,78.0,67.0,0.0
6.220596537001022,824.0,79.0,67.0,0.0
6.230107170921709,824.0,78.0,68.0,0.0
6.253819554217361,824.0,77.0,69.0,0.0
6.3422769318056025,824.0,77.0,68.0,0.0
6.34815152272783,824.0,77.0,67.0,0.0
6.3505645450146435,824.0,76.0,68.0,0.0
6.369985243746799,823.0,77.0,68.0,0.0
6.4595399921117735,822.0,78.0,68.0,0.0
6.470767794962704,822.0,78.0,67.0,0.0
6.528121181874555,822.0,77.0,68.0,0.0
6.537836875429045,822.0,76.0,69.0,0.0
6.560245618978046,821.0,77.0,69.0,0.0
6.593317830429113,820.0,78.0,69.0,0.0
6.6046528870963845,820.0,77.0,70.0,0.0
6.64065615399883,820.0,77.0,69.0,0.0
6.665725897074705,819.0,78.0,69.0,0.0
6.681187632623329,819.0,77.0,70.0,0.0
6.682747174297699,818.0,78.0,70.0,0.0
6.696074588099603,817.0,79.0,70.0,0.0
6.788391918078114,816.0,80.0,70.0,0.0
6.803199582952494,815.0,81.0,70.0,0.0
6.815225269501836,815.0,80.0,71.0,0.0
6.845996695353755,815.0,79.0,72.0,0.0
6.860075853295226,814.0,80.0,72.0,0.0
6.890533495986139,814.0,80.0,71.0,0.0
6.923472997518064,813.0,81.0,71.0,0.0
6.9359079543044135,813.0,81.0,70.0,0.0
6.984360082719883,812.0,82.0,70.0,0.0
7.043919183278179,811.0,83.0,70.0,0.0
7.054319979502146,810.0,84.0,70.0,0.0
7.055001351022612,809.0,85.0,70.0,0.0
7.0571715768409655,808.0,86.0,70.0,0.0
7.061576008339738,808.0,86.0,69.0,0.0
7.08304483468814,808.0,85.0,70.0,0.0
7.100463329779233,808.0,84.0,71.0,0.0
7.14128801282413,808.0,83.0,72.0,0.0
7.16163461052239,808.0,83.0,71.0,0.0
7.189765659632722,808.0,82.0,72.0,0.0
7.2138372454495245,807.0,83.0,72.0,0.0
7.244797222958505,806.0,84.0,72.0,0.0
7.250754848742989,805.0,85.0,72.0,0.0
7.327184992421682,804.0,86.0,72.0,0.0
7.363877333894924,804.0,85.0,73.0,0.0
7.366620645759781,804.0,85.0,72.0,0.0
7.391220740585849,804.0,84.0,73.0,0.0
7.396387171232738,804.0,83.0,74.0,0.0
7.42924494433134,803.0,84.0,74.0,0.0
7.456406176478881,803.0,84.0,73.0,0.0
7.463311014774674,803.0,84.0,72.0,0.0
7.465260447430087,803.0,83.0,73.0,0.0
7.49212280467737,802.0,84.0,73.0,0.0
7.49238444742535,802.0,83.0,74.0,0.0
7.526455404979279,802.0,82.0,75.0,0.0
7.584461296619517,801.0,83.0,75.0,0.0
7.6773890986964854,801.0,83.0,74.0,0.0
7.722220585525557,800.0,84.0,74.0,0.0
7.784358885453253,800.0,84.0,73.0,0.0
7.891235165804598,799.0,85.0,73.0,0.0
7.904697329186898,798.0,86.0,73.0,0.0
7.934936415134551,798.0,86.0,72.0,0.0
7.947564615584417,798.0,86.0,71.0,0.0
7.953868883462639,797.0,87.0,71.0,0.0
7.967783886516229,796.0,88.0,71.0,0.0
7.972662364654248,796.0,88.0,70.0,0.0
7.978130655040116,796.0,88.0,69.0,0.0
7.983549596663956,795.0,89.0,69.0,0.0
7.984630629231639,794.0,90.0,69.0,0.0
8.053183746569289,794.0,90.0,68.0,0.0
8.097340611619721,794.0,89.0,69.0,0.0
8.10971383935305,793.0,90.0,69.0,0.0
8.111725594867359,793.0,90.0,68.0,0.0
8.118940299180345,792.0,91.0,68.0,0.0
8.129295644874768,791.0,92.0,68.0,0.0
8.141473316477274,790.0,93.0,68.0,0.0
8.156861030587875,789.0,94.0,68.0,0.0
8.175442710407538,788.0,95.0,68.0,0.0
8.17571802143235,787.0,96.0,68.0,0.0
8.192690861349856,787.0,95.0,69.0,0.0
8.216822210757392,787.0,94.0,70.0,0.0
8.220044821579913,786.0,95.0,70.0,0.0
8.227848336843111,785.0,96.0,70.0,0.0
8.239069436639433,785.0,95.0,71.0,0.0
8.256908429613242,785.0,95.0,70.0,0.0
8.29391740984549,785.0,95.0,69.0,0.0
8.296650032245733,785.0,94.0,70.0,0.0
8.32512968482132,785.0,93.0,71.0,0.0
8.343379305214505,785.0,93.0,70.0,0.0
8.350338410885339,785.0,93.0,69.0,0.0
8.356591716184434,785.0,92.0,70.0,0.0
8.365495319932624,784.0,93.0,70.0,0.0
8.386003891749828,783.0,94.0,70.0,0.0
8.38764295156886,783.0,93.0,71.0,0.0
8.45255286807,782.0,94.0,71.0,0.0
8.463181513501933,781.0,95.0,71.0,0.0
8.472439275619697,781.0,94.0,72.0,0.0
8.554215828842029,781.0,93.0,73.0,0.0
8.56153249338253,781.0,93.0,72.0,0.0
8.567996776392492,780.0,94.0,72.0,0.0
8.574061108538837,780.0,93.0,73.0,0.0
8.580206483525242,780.0,93.0,72.0,0.0
8.600383815420413,780.0,92.0,73.0,0.0
8.62021206620608,780.0,92.0,72.0,0.0
8.621159053774822,780.0,91.0,73.0,0.0
8.64827121127599,780.0,91.0,72.0,0.0
8.66193609789605,780.0,90.0,73.0,0.0
8.677785436680415,780.0,89.0,74.0,0.0
8.717395992660425,780.0,88.0,75.0,0.0
8.727168416171915,780.0,88.0,74.0,0.0
8.739460393065979,779.0,89.0,74.0,0.0
8.832350173049473,779.0,88.0,75.0,0.0
8.86167581379183,779.0,88.0,74.0,0.0
8.87423047645622,779.0,88.0,73.0,0.0
8.890159894657016,778.0,89.0,73.0,0.0
8.910472151472124,778.0,89.0,72.0,0.0
8.916478949247717,778.0,88.0,73.0,0.0
8.93211032179324,778.0,87.0,74.0,0.0
8.942576489543665,777.0,88.0,74.0,0.0
9.021415223005617,776.0,89.0,74.0,0.0
9.059359676666935,776.0,88.0,75.0,0.0
9.06219272246249,775.0,89.0,75.0,0.0
9.08431203453042,774.0,90.0,75.0,0.0
9.157715123639852,774.0,90.0,74.0,0.0
9.16706756464805,773.0,91.0,74.0,0.0
9.207167810600426,773.0,90.0,75.0,0.0
9.232382640143564,773.0,90.0,74.0,0.0
9.243421241726935,772.0,91.0,74.0,0.0
9.34633331948936,772.0,91.0,73.0,0.0
9.359729909929303,771.0,92.0,73.0,0.0
9.36851743357883,771.0,92.0,72.0,0.0
9.477289745031063,771.0,91.0,73.0,0.0
9.483355259797156,771.0,91.0,72.0,0.0
9.48645736812972,770.0,92.0,72.0,0.0
9.489029096242414,770.0,91.0,73.0,0.0
9.507264168445197,770.0,90.0,74.0,0.0
9.507569001655362,770.0,90.0,73.0,0.0
9.556130078644703,770.0,89.0,74.0,0.0
9.571897392179968,770.0,88.0,75.0,0.0
9.624824851274973,769.0,89.0,75.0,0.0
9.633655911457371,769.0,88.0,76.0,0.0
9.641239049164824,768.0,89.0,76.0,0.0
9.655037906986356,767.0,90.0,76.0,0.0
9.680371577874658,767.0,89.0,77.0,0.0
9.6984992441913,766.0,90.0,77.0,0.0
9.704291385552152,766.0,90.0,76.0,0.0
9.71986620858897,766.0,89.0,77.0,0.0
9.755306491765856,765.0,90.0,77.0,0.0
9.796522005619337,765.0,89.0,78.0,0.0
9.801383890793126,765.0,88.0,79.0,0.0
9.834133398151144,764.0,89.0,79.0,0.0
9.839530241984429,764.0,88.0,80.0,0.0
9.847590020987393,763.0,89.0,80.0,0.0
9.86671198531858,762.0,90.0,80.0,0.0
9.89905182161368,762.0,90.0,79.0,0.0
9.910682134762258,762.0,89.0,80.0,0.0
9.924902487138226,761.0,90.0,80.0,0.0
9.944119906537688,761.0,89.0,81.0,0.0
9.952405880313961,760.0,90.0,81.0,0.0
9.966427878070405,759.0,91.0,81.0,0.0
9.975475268730856,759.0,91.0,80.0,0.0
9.991575232691574,759.0,90.0,81.0,0.0
10.01451493580887,758.0,91.0,81.0,0.0
10.034618019557865,758.0,90.0,82.0,0.0
10.049342475288686,757.0,91.0,82.0,0.0
10.049829484596478,756.0,92.0,82.0,0.0
10.08913008008832,756.0,91.0,83.0,0.0
10.15693901612496,755.0,92.0,83.0,0.0
10.189328089044789,754.0,93.0,83.0,0.0
10.192212275677536,754.0,92.0,84.0,0.0
10.218295053701182,753.0,93.0,84.0,0.0
10.25824374723102,753.0,93.0,83.0,0.0
10.259132503936932,753.0,92.0,84.0,0.0
10.268499759252702,752.0,93.0,84.0,0.0
10.282916181324937,751.0,94.0,84.0,0.0
10.306256647477845,750.0,95.0,84.0,0.0
10.351864584048528,750.0,94.0,85.0,0.0
10.363693576470723,750.0,93.0,86.0,0.0
10.405329162729858,750.0,93.0,85.0,0.0
10.406008057407313,749.0,94.0,85.0,0.0
10.416576807057941,748.0,95.0,85.0,0.0
10.443521486123936,748.0,95.0,84.0,0.0
10.514683185341518,747.0,96.0,84.0,0.0
10.56026239366315,746.0,97.0,84.0,0.0
10.57236528893331,746.0,96.0,85.0,0.0
10.614647137352545,746.0,95.0,86.0,0.0
10.629622538779957,746.0,94.0,87.0,0.0
10.669056327068247,745.0,95.0,87.0,0.0
10.732397646506588,744.0,96.0,87.0,0.0
10.766222360733122,744.0,95.0,88.0,0.0
10.79430779237065,744.0,94.0,89.0,0.0
10.798629734870408,743.0,95.0,89.0,0.0
10.836048084761456,743.0,94.0,90.0,0.0
10.836306827820142,743.0,94.0,89.0,0.0
10.855381467055505,743.0,93.0,90.0,0.0
10.890350356448884,743.0,93.0,89.0,0.0
10.90182051358111,742.0,94.0,89.0,0.0
10.923249140001415,741.0,95.0,89.0,0.0
10.92325389534398,741.0,94.0,90.0,0.0
10.95484155258188,741.0,93.0,91.0,0.0
10.955448109183436,740.0,94.0,91.0,0.0
10.980337224246357,739.0,95.0,91.0,0.0
10.985653200444125,739.0,95.0,90.0,0.0
10.985841205989862,739.0,94.0,91.0,0.0
10.988735519964722,739.0,93.0,92.0,0.0
11.027200148046738,738.0,94.0,92.0,0.0
11.050024672999069,738.0,94.0,91.0,0.0
11.079883487935358,738.0,94.0,90.0,0.0
11.092439184317808,737.0,95.0,90.0,0.0
11.109421948982115,737.0,95.0,89.0,0.0
11.19733287358454,737.0,95.0,88.0,0.0
11.206359503521721,737.0,94.0,89.0,0.0
11.210436394113115,737.0,93.0,90.0,0.0
11.2447566035616,736.0,94.0,90.0,0.0
11.246881559647855,736.0,94.0,89.0,0.0
11.247408454338846,735.0,95.0,89.0,0.0
11.28368699957789,735.0,94.0,90.0,0.0
11.303783646447203,734.0,95.0,90.0,0.0
11.307598657850669,734.0,94.0,91.0,0.0
11.329787647352283,733.0,95.0,91.0,0.0
11.372706715072043,732.0,96.0,91.0,0.0
11.432984187941498,731.0,97.0,91.0,0.0
11.436926020772889,730.0,98.0,91.0,0.0
11.47128390563381,729.0,99.0,91.0,0.0
11.477121280743209,729.0,98.0,92.0,0.0
11.497298186204976,728.0,99.0,92.0,0.0
11.576150422055754,728.0,99.0,91.0,0.0
11.588573812704174,727.0,100.0,91.0,0.0
11.596514987145452,727.0,99.0,92.0,0.0
11.625417571859481,727.0,99.0,91.0,0.0
11.663403784632692,727.0,99.0,90.0,0.0
11.688119117467409,727.0,99.0,89.0,0.0
11.708443036520361,727.0,99.0,88.0,0.0
11.709748287133491,726.0,100.0,88.0,0.0
11.731587600196857,725.0,101.0,88.0,0.0
11.734649285637111,724.0,102.0,88.0,0.0
11.7393438162677,724.0,101.0,89.0,0.0
11.756157848412219,724.0,101.0,88.0,0.0
11.756341529100045,724.0,101.0,87.0,0.0
11.770571220349304,723.0,102.0,87.0,0.0
11.782161905063205,723.0,102.0,86.0,0.0
11.793771758655827,723.0,101.0,87.0,0.0
11.885891666441289,723.0,101.0,86.0,0.0
11.886670886033148,722.0,102.0,86.0,0.0
11.889890273769224,721.0,103.0,86.0,0.0
11.893253851146474,721.0,102.0,87.0,0.0
11.916457173772482,721.0,101.0,88.0,0.0
11.932923428655931,720.0,102.0,88.0,0.0
11.93552900528697,719.0,103.0,88.0,0.0
11.966400382617364,718.0,104.0,88.0,0.0
11.977694956274496,717.0,105.0,88.0,0.0
11.998383834118789,716.0,106.0,88.0,0.0
12.000684920856651,716.0,105.0,89.0,0.0
12.008143348253029,716.0,105.0,88.0,0.0
12.024035523941267,716.0,105.0,87.0,0.0
12.025810930454055,716.0,104.0,88.0,0.0
12.026389002853605,715.0,105.0,88.0,0.0
12.05961512358492,715.0,105.0,87.0,0.0
12.07137697312138,715.0,105.0,86.0,0.0
12.078869905844646,715.0,104.0,87.0,0.0
12.119745396148655,715.0,104.0,86.0,0.0
12.145393684596907,714.0,105.0,86.0,0.0
12.154493525858893,714.0,105.0,85.0,0.0
12.157239869346032,714.0,104.0,86.0,0.0
12.187699690088063,714.0,103.0,87.0,0.0
12.198844999907216,713.0,104.0,87.0,0.0
12.211795788439648,713.0,104.0,86.0,0.0
12.237775929343185,712.0,105.0,86.0,0.0
12.24123702400176,712.0,104.0,87.0,0.0
12.284506372778575,711.0,105.0,87.0,0.0
12.315307006311043,711.0,104.0,88.0,0.0
12.334551823318298,711.0,103.0,89.0,0.0
12.34980540679763,711.0,102.0,90.0,0.0
12.360788894750359,711.0,101.0,91.0,0.0
12.370359887209386,711.0,101.0,90.0,0.0
12.388995124130652,711.0,101.0,89.0,0.0
12.394541876053893,711.0,100.0,90.0,0.0
12.486888847438845,711.0,100.0,89.0,0.0
12.492225905020973,711.0,99.0,90.0,0.0
12.522418780643623,711.0,98.0,91.0,0.0
12.52987031871392,710.0,99.0,91.0,0.0
12.53084087977515,709.0,100.0,91.0,0.0
12.53491605926409,708.0,101.0,91.0,0.0
12.538383374329594,707.0,102.0,91.0,0.0
12.595771494556885,707.0,101.0,92.0,0.0
12.607551573100258,707.0,100.0,93.0,0.0
12.61197380642285,707.0,100.0,92.0,0.0
12.647834346666812,706.0,101.0,92.0,0.0
12.649782766225721,706.0,100.0,93.0,0.0
12.651662954934949,706.0,99.0,94.0,0.0
12.669559112923983,706.0,98.0,95.0,0.0
12.680407305576846,706.0,98.0,94.0,0.0
12.686497455079493,706.0,97.0,95.0,0.0
12.69630125290717,706.0,96.0,96.0,0.0
12.719559617558822,706.0,95.0,97.0,0.0
12.7255670221142,706.0,94.0,98.0,0.0
12.736484277077315,706.0,93.0,99.0,0.0
12.751374283876778,706.0,92.0,100.0,0.0
12.767317709367621,706.0,91.0,101.0,0.0
12.775797307896084,705.0,92.0,101.0,0.0
12.792810475815735,705.0,91.0,102.0,0.0
12.803655531360514,704.0,92.0,102.0,0.0
12.872583398785752,704.0,91.0,103.0,0.0
12.881333051916938,703.0,92.0,103.0,0.0
12.882372703863595,703.0,91.0,104.0,0.0
12.934664194365743,703.0,91.0,103.0,0.0
12.98818355883345,703.0,91.0,102.0,0.0
13.02270047854099,702.0,92.0,102.0,0.0
13.058635047211103,702.0,92.0,101.0,0.0
13.06715496207129,702.0,91.0,102.0,0.0
13.089913675679915,702.0,91.0,101.0,0.0
13.103088884456277,701.0,92.0,101.0,0.0
13.129352377422618,701.0,91.0,102.0,0.0
13.147711664159038,701.0,90.0,103.0,0.0
13.152004762448994,701.0,90.0,102.0,0.0
13.163705096039225,700.0,91.0,102.0,0.0
13.165513251114183,700.0,91.0,101.0,0.0
13.17134418343027,700.0,91.0,100.0,0.0
13.198729476951119,700.0,90.0,101.0,0.0
13.246167354269618,700.0,90.0,100.0,0.0
13.258468827705883,700.0,89.0,101.0,0.0
13.264911170689574,700.0,89.0,100.0,0.0
13.275630536354457,700.0,88.0,101.0,0.0
13.292416337038896,700.0,88.0,100.0,0.0
13.305531308045083,700.0,87.0,101.0,0.0
13.312808661656108,699.0,88.0,101.0,0.0
13.315299848374451,698.0,89.0,101.0,0.0
13.447598853618294,697.0,90.0,101.0,0.0
13.457023916359717,696.0,91.0,101.0,0.0
13.48748622466814,696.0,90.0,102.0,0.0
13.495207934509601,695.0,91.0,102.0,0.0
13.508295712156796,695.0,91.0,101.0,0.0
13.511786750097366,694.0,92.0,101.0,0.0
13.578581424519147,694.0,91.0,102.0,0.0
13.613724052974748,694.0,91.0,101.0,0.0
13.630011061645742,694.0,91.0,100.0,0.0
13.642423151064312,694.0,91.0,99.0,0.0
13.649758964292399,694.0,91.0,98.0,0.0
13.657009724116417,693.0,92.0,98.0,0.0
13.672787179600622,693.0,92.0,97.0,0.0
13.716448990333296,692.0,93.0,97.0,0.0
13.721581139096912,691.0,94.0,97.0,0.0
13.734477239501569,690.0,95.0,97.0,0.0
13.78167152416523,690.0,95.0,96.0,0.0
13.807263015198572,690.0,94.0,97.0,0.0
13.877031370889062,690.0,94.0,96.0,0.0
13.88731263413999,689.0,95.0,96.0,0.0
13.888146797494297,689.0,94.0,97.0,0.0
13.896941009319406,689.0,93.0,98.0,0.0
13.908597450762288,689.0,92.0,99.0,0.0
13.921139269372432,688.0,93.0,99.0,0.0
13.948249247735404,688.0,93.0,98.0,0.0
13.956708346735809,688.0,93.0,97.0,0.0
13.983355163884244,688.0,92.0,98.0,0.0
13.988037404995872,688.0,91.0,99.0,0.0
13.992085988545234,688.0,91.0,98.0,0.0
14.117549844189998,687.0,92.0,98.0,0.0
14.133050647428835,686.0,93.0,98.0,0.0
14.138420834136191,685.0,94.0,98.0,0.0
14.19839954976988,685.0,93.0,99.0,0.0
14.207024598196584,685.0,92.0,100.0,0.0
14.234977337969505,685.0,92.0,99.0,0.0
14.23839986689665,685.0,91.0,100.0,0.0
14.269808955474236,685.0,91.0,99.0,0.0
14.293888258869165,685.0,91.0,98.0,0.0
14.317529309734358,685.0,90.0,99.0,0.0
14.321464829157529,685.0,90.0,98.0,0.0
14.34827365773768,685.0,89.0,99.0,0.0
14.35218484309687,684.0,90.0,99.0,0.0
14.352668610264011,684.0,89.0,100.0,0.0
14.38321516393973,683.0,90.0,100.0,0.0
14.42437430623871,683.0,90.0,99.0,0.0
14.426604489008287,683.0,90.0,98.0,0.0
14.464538609875545,683.0,90.0,97.0,0.0
14.476122375801436,682.0,91.0,97.0,0.0
14.519006296583814,681.0,92.0,97.0,0.0
14.539316116316654,681.0,91.0,98.0,0.0
14.561183962669443,681.0,91.0,97.0,0.0
14.566371114715285,681.0,90.0,98.0,0.0
14.566585610814007,681.0,90.0,97.0,0.0
14.576889418554622,681.0,89.0,98.0,0.0
14.5855486437929,681.0,89.0,97.0,0.0
14.604723841985143,681.0,88.0,98.0,0.0
14.60778269576929,681.0,88.0,97.0,0.0
14.62154832148704,681.0,88.0,96.0,0.0
14.624540741893524,681.0,88.0,95.0,0.0
14.651160660897446,681.0,87.0,96.0,0.0
14.663287066005857,681.0,87.0,95.0,0.0
14.738669894163264,680.0,88.0,95.0,0.0
14.754852663220746,679.0,89.0,95.0,0.0
14.763871708824254,679.0,88.0,96.0,0.0
14.765711940106256,678.0,89.0,96.0,0.0
14.77609424125701,677.0,90.0,96.0,0.0
14.85551898853357,676.0,91.0,96.0,0.0
14.883298603185917,676.0,91.0,95.0,0.0
14.919690526144395,676.0,90.0,96.0,0.0
14.942306229295394,676.0,90.0,95.0,0.0
14.957784756949177,676.0,89.0,96.0,0.0
14.96061118130939,676.0,89.0,95.0,0.0
15.002878094987013,676.0,88.0,96.0,0.0
15.028442736371403,675.0,89.0,96.0,0.0
15.032417850968065,675.0,89.0,95.0,0.0
15.04094261577396,674.0,90.0,95.0,0.0
15.069801192894717,674.0,89.0,96.0,0.0
15.074161454117764,674.0,89.0,95.0,0.0
15.105078419874301,674.0,89.0,94.0,0.0
15.11518117197067,674.0,89.0,93.0,0.0
15.162517217694989,674.0,89.0,92.0,0.0
15.182282820962767,674.0,88.0,93.0,0.0
15.320796661713876,673.0,89.0,93.0,0.0
15.348116024439273,672.0,90.0,93.0,0.0
15.354521207693415,672.0,89.0,94.0,0.0
15.359066030939474,671.0,90.0,94.0,0.0
15.361379945344058,671.0,90.0,93.0,0.0
15.38653216452586,670.0,91.0,93.0,0.0
15.389330089903801,670.0,90.0,94.0,0.0
15.397243351777965,670.0,89.0,95.0,0.0
15.406619515167556,670.0,89.0,94.0,0.0
15.432956391774924,669.0,90.0,94.0,0.0
15.435352675700443,669.0,89.0,95.0,0.0
15.451685172069139,669.0,88.0,96.0,0.0
15.452206078166746,668.0,89.0,96.0,0.0
15.454077071879631,667.0,90.0,96.0,0.0
15.466628879864096,667.0,90.0,95.0,0.0
15.475279937992303,667.0,89.0,96.0,0.0
15.479629877746788,667.0,89.0,95.0,0.0
15.482044300259043,666.0,90.0,95.0,0.0
15.499077735445669,665.0,91.0,95.0,0.0
15.501970095796626,665.0,90.0,96.0,0.0
15.50905568664131,665.0,90.0,95.0,0.0
15.529809416606879,665.0,90.0,94.0,0.0
15.541917097634691,664.0,91.0,94.0,0.0
15.601016245177929,664.0,90.0,95.0,0.0
15.609535047545641,664.0,89.0,96.0,0.0
15.623517326247272,664.0,88.0,97.0,0.0
15.646119330278468,663.0,89.0,97.0,0.0
15.653477570591798,662.0,90.0,97.0,0.0
15.713238893158673,661.0,91.0,97.0,0.0
15.71535882191363,660.0,92.0,97.0,0.0
15.734213115213661,659.0,93.0,97.0,0.0
15.755947951034866,659.0,92.0,98.0,0.0
15.762888962913896,658.0,93.0,98.0,0.0
15.792082672230464,657.0,94.0,98.0,0.0
15.795105278543442,657.0,93.0,99.0,0.0
15.833750240399812,657.0,92.0,100.0,0.0
15.852422677263421,656.0,93.0,100.0,0.0
15.96080492210615,656.0,92.0,101.0,0.0
15.974935306307996,656.0,91.0,102.0,0.0
15.985901121213946,656.0,90.0,103.0,0.0
15.998747136836874,656.0,90.0,102.0,0.0
16.01032426938593,656.0,90.0,101.0,0.0
16.030856232839557,656.0,89.0,102.0,0.0
16.039209319596626,656.0,89.0,101.0,0.0
16.054638361117306,656.0,88.0,102.0,0.0
16.063147947707154,656.0,87.0,103.0,0.0
16.076626479741357,656.0,87.0,102.0,0.0
16.110721879057603,656.0,86.0,103.0,0.0
16.11543830402594,655.0,87.0,103.0,0.0
16.12384973753187,655.0,86.0,104.0,0.0
16.13649360150259,655.0,85.0,105.0,0.0
16.169564100100814,654.0,86.0,105.0,0.0
16.197264892089617,654.0,86.0,104.0,0.0
16.209319249572573,654.0,85.0,105.0,0.0
16.22400406754667,654.0,85.0,104.0,0.0
16.247422785846506,654.0,85.0,103.0,0.0
16.263089389247483,653.0,86.0,103.0,0.0
16.286315608582527,653.0,86.0,102.0,0.0
16.29593558911745,653.0,86.0,101.0,0.0
16.311288601101065,653.0,85.0,102.0,0.0
16.323217113019467,653.0,85.0,101.0,0.0
16.3236090235613,653.0,85.0,100.0,0.0
16.36403123261161,652.0,86.0,100.0,0.0
16.374284378915778,652.0,85.0,101.0,0.0
16.4148315842442,652.0,85.0,100.0,0.0
16.435547691850076,652.0,85.0,99.0,0.0
16.465816045224734,652.0,85.0,98.0,0.0
16.47426951733456,651.0,86.0,98.0,0.0
16.50006373557468,651.0,85.0,99.0,0.0
16.501260558311323,650.0,86.0,99.0,0.0
16.5056721950894,649.0,87.0,99.0,0.0
16.511223660444674,648.0,88.0,99.0,0.0
16.58240880994029,648.0,87.0,100.0,0.0
16.61461815351191,648.0,86.0,101.0,0.0
16.681222598825613,648.0,86.0,100.0,0.0
16.69893974285364,648.0,86.0,99.0,0.0
16.71659819706181,648.0,85.0,100.0,0.0
16.718250338888716,648.0,84.0,101.0,0.0
16.72640924545498,648.0,83.0,102.0,0.0
16.74134828747146,648.0,82.0,103.0,0.0
16.7700331892297,647.0,83.0,103.0,0.0
16.784065411849284,646.0,84.0,103.0,0.0
16.810561300549118,646.0,84.0,102.0,0.0
16.81908838553797,646.0,84.0,101.0,0.0
16.852827894195553,645.0,85.0,101.0,0.0
16.86066205617178,645.0,84.0,102.0,0.0
16.865059780789252,645.0,84.0,101.0,0.0
16.874812294123878,645.0,83.0,102.0,0.0
16.910984384588158,644.0,84.0,102.0,0.0
16.917479965425667,644.0,83.0,103.0,0.0
16.941792330143056,644.0,82.0,104.0,0.0
16.958624013125448,644.0,81.0,105.0,0.0
16.970737521367987,644.0,80.0,106.0,0.0
16.98852992052603,644.0,79.0,107.0,0.0
16.988747644650143,644.0,78.0,108.0,0.0
17.003887649068254,644.0,77.0,109.0,0.0
17.03219460267735,644.0,76.0,110.0,0.0
17.03494748684859,643.0,77.0,110.0,0.0
17.07310117404161,643.0,76.0,111.0,0.0
17.079397620450344,643.0,75.0,112.0,0.0
17.081331656896353,643.0,75.0,111.0,0.0
17.08692137708132,642.0,76.0,111.0,0.0
17.103690472654126,641.0,77.0,111.0,0.0
17.13060824888275,640.0,78.0,111.0,0.0
17.161563447895993,640.0,78.0,110.0,0.0
17.16852464797525,639.0,79.0,110.0,0.0
17.171379669722576,639.0,79.0,109.0,0.0
17.204874181165366,638.0,80.0,109.0,0.0
17.246704125198637,638.0,79.0,110.0,0.0
17.249674611743462,637.0,80.0,110.0,0.0
17.29291397197223,637.0,80.0,109.0,0.0
17.305787909734487,636.0,81.0,109.0,0.0
17.34869954907361,636.0,80.0,110.0,0.0
17.382087882575387,636.0,79.0,111.0,0.0
17.386362237512493,636.0,78.0,112.0,0.0
17.388625098139553,635.0,79.0,112.0,0.0
17.419860335405545,634.0,80.0,112.0,0.0
17.42027025971906,633.0,81.0,112.0,0.0
17.479395906859406,633.0,80.0,113.0,0.0
17.479417122757393,633.0,80.0,112.0,0.0
17.53026543423795,632.0,81.0,112.0,0.0
17.537319125640753,632.0,81.0,111.0,0.0
17.590338224636483,632.0,81.0,110.0,0.0
17.59824752093264,632.0,80.0,111.0,0.0
17.599815304687255,632.0,80.0,110.0,0.0
17.65613114550259,631.0,81.0,110.0,0.0
17.679325062281283,630.0,82.0,110.0,0.0
17.68446915777171,630.0,81.0,111.0,0.0
17.693223454532465,629.0,82.0,111.0,0.0
17.701841999401157,629.0,82.0,110.0,0.0
17.76041820797711,629.0,81.0,111.0,0.0
17.76504865645346,629.0,80.0,112.0,0.0
17.78371508026814,629.0,80.0,111.0,0.0
17.791175667171707,628.0,81.0,111.0,0.0
17.83806106520426,628.0,81.0,110.0,0.0
17.84512794902541,628.0,80.0,111.0,0.0
17.854544569332184,628.0,79.0,112.0,0.0
17.858155746347176,628.0,79.0,111.0,0.0
17.871313660810948,628.0,79.0,110.0,0.0
17.876247647657337,628.0,78.0,111.0,0.0
17.886484633737627,628.0,77.0,112.0,0.0
17.92006480338471,628.0,76.0,113.0,0.0
17.93483018964943,628.0,76.0,112.0,0.0
18.008122419732263,627.0,77.0,112.0,0.0
18.00901829495566,627.0,77.0,111.0,0.0
18.009139292641724,626.0,78.0,111.0,0.0
18.045766453526053,626.0,77.0,112.0,0.0
18.069771423648678,626.0,76.0,113.0,0.0
18.086508345160325,626.0,75.0,114.0,0.0
18.0961410641822,625.0,76.0,114.0,0.0
18.10912486731826,624.0,77.0,114.0,0.0
18.124517327266634,624.0,77.0,113.0,0.0
18.136786060529577,623.0,78.0,113.0,0.0
18.148975687588326,623.0,78.0,112.0,0.0
18.15021622464708,623.0,77.0,113.0,0.0
18.165928756318674,622.0,78.0,113.0,0.0
18.208573367789317,622.0,78.0,112.0,0.0
18.212049037493614,622.0,78.0,111.0,0.0
18.214835570675888,622.0,78.0,110.0,0.0
18.22967760410822,621.0,79.0,110.0,0.0
18.238577092655312,621.0,79.0,109.0,0.0
18.285615911702596,621.0,78.0,110.0,0.0
18.287227711879627,620.0,79.0,110.0,0.0
18.322245676351063,620.0,79.0,109.0,0.0
18.3238799542071,619.0,80.0,109.0,0.0
18.343709578677437,619.0,79.0,110.0,0.0
18.34904552714382,618.0,80.0,110.0,0.0
18.378516973628436,617.0,81.0,110.0,0.0
18.40228240593265,617.0,81.0,109.0,0.0
18.460236107790426,617.0,80.0,110.0,0.0
18.500572908368504,617.0,80.0,109.0,0.0
18.504393054659054,617.0,79.0,110.0,0.0
18.52114230782138,617.0,78.0,111.0,0.0
18.55760208773622,617.0,77.0,112.0,0.0
18.575599072861632,617.0,77.0,111.0,0.0
18.579257639633713,617.0,77.0,110.0,0.0
18.593409332632802,617.0,76.0,111.0,0.0
18.606478865638582,617.0,75.0,112.0,0.0
18.60736195236895,616.0,76.0,112.0,0.0
18.668240880750083,616.0,75.0,113.0,0.0
18.668497753198185,616.0,74.0,114.0,0.0
18.702502437130093,616.0,73.0,115.0,0.0
18.716205116630146,616.0,73.0,114.0,0.0
18.74045545563629,616.0,73.0,113.0,0.0
18.743930081128678,616.0,73.0,112.0,0.0
18.748317509523964,616.0,72.0,113.0,0.0
18.772782314693767,616.0,71.0,114.0,0.0
18.7902288960621,615.0,72.0,114.0,0.0
18.82847257850437,615.0,71.0,115.0,0.0
18.82944372331571,614.0,72.0,115.0,0.0
18.83541600553719,614.0,71.0,116.0,0.0
18.847515676706536,614.0,71.0,115.0,0.0
18.866792819430604,613.0,72.0,115.0,0.0
18.88900419117193,612.0,73.0,115.0,0.0
18.900690190393146,611.0,74.0,115.0,0.0
18.915279385455086,610.0,75.0,115.0,0.0
18.925368404869854,610.0,74.0,116.0,0.0
18.933382087267855,610.0,73.0,117.0,0.0
18.941002863149365,610.0,72.0,118.0,0.0
18.943315307165985,610.0,71.0,119.0,0.0
18.947612205820942,610.0,70.0,120.0,0.0
18.95110827182823,609.0,71.0,120.0,0.0
18.954274274639754,608.0,72.0,120.0,0.0
18.972774981429055,608.0,71.0,121.0,0.0
18.981252336523642,607.0,72.0,121.0,0.0
19.082697746527884,607.0,72.0,120.0,0.0
19.118774977471023,607.0,72.0,119.0,0.0
19.166038496876435,607.0,71.0,120.0,0.0
19.226713088971774,606.0,72.0,120.0,0.0
19.238452784056644,606.0,72.0,119.0,0.0
19.271004672861693,606.0,71.0,120.0,0.0
19.282264464101583,605.0,72.0,120.0,0.0
19.308674411524546,605.0,71.0,121.0,0.0
19.360220015666204,604.0,72.0,121.0,0.0
19.364758838694236,603.0,73.0,121.0,0.0
19.36856176597768,602.0,74.0,121.0,0.0
19.387018675495433,602.0,73.0,122.0,0.0
19.3933872388635,602.0,73.0,121.0,0.0
19.398989688365102,602.0,72.0,122.0,0.0
19.406549407073957,602.0,71.0,123.0,0.0
19.413595283226552,602.0,71.0,122.0,0.0
19.440889418786025,601.0,72.0,122.0,0.0
19.453136977857987,601.0,71.0,123.0,0.0
19.455356223941045,601.0,71.0,122.0,0.0
19.4560839119286,601.0,71.0,121.0,0.0
19.471491480489195,601.0,70.0,122.0,0.0
19.47774369645198,600.0,71.0,122.0,0.0
19.47810461750221,600.0,71.0,121.0,0.0
19.48565956304816,600.0,70.0,122.0,0.0
19.488228866634262,599.0,71.0,122.0,0.0
19.496741119684714,599.0,70.0,123.0,0.0
19.50560274256559,599.0,70.0,122.0,0.0
19.53068866207486,599.0,69.0,123.0,0.0
19.532162776782535,599.0,69.0,122.0,0.0
19.53782796753821,599.0,69.0,121.0,0.0
19.593210121918812,599.0,68.0,122.0,0.0
19.593742557553668,598.0,69.0,122.0,0.0
19.593792383577725,598.0,69.0,121.0,0.0
19.60476200239668,597.0,70.0,121.0,0.0
19.637838185533578,597.0,70.0,120.0,0.0
19.64112878341372,596.0,71.0,120.0,0.0
19.692252847136384,595.0,72.0,120.0,0.0
19.71260167129353,595.0,72.0,119.0,0.0
19.749497279643894,595.0,72.0,118.0,0.0
19.7500224663175,595.0,72.0,117.0,0.0
19.804971456170197,595.0,72.0,116.0,0.0
19.80822263380994,595.0,72.0,115.0,0.0
19.83362571028585,594.0,73.0,115.0,0.0
19.835815249811272,593.0,74.0,115.0,0.0
19.871358597890357,592.0,75.0,115.0,0.0
19.88234731003507,592.0,75.0,114.0,0.0
19.885097134193614,592.0,75.0,113.0,0.0
19.9151301928467,592.0,75.0,112.0,0.0
19.93713783646196,592.0,75.0,111.0,0.0
19.964645260632505,592.0,75.0,110.0,0.0
20.00708217737465,591.0,76.0,110.0,0.0
20.011790208238835,590.0,77.0,110.0,0.0
20.05663077827584,590.0,77.0,109.0,0.0
20.0591662830414,590.0,77.0,108.0,0.0
20.064327018187072,590.0,77.0,107.0,0.0
20.07305809548907,590.0,77.0,106.0,0.0
20.07605827459902,589.0,78.0,106.0,0.0
20.076644022949747,589.0,78.0,105.0,0.0
20.092760329779352,588.0,79.0,105.0,0.0
20.093362487464308,587.0,80.0,105.0,0.0
20.12974938606873,587.0,80.0,104.0,0.0
20.133601287232253,586.0,81.0,104.0,0.0
20.150192859259622,585.0,82.0,104.0,0.0
20.15269639682395,584.0,83.0,104.0,0.0
20.16654288672379,584.0,83.0,103.0,0.0
20.186861064886166,584.0,83.0,102.0,0.0
20.203309785733566,583.0,84.0,102.0,0.0
20.227557577271785,582.0,85.0,102.0,0.0
20.280335671975877,582.0,84.0,103.0,0.0
20.298409969263165,581.0,85.0,103.0,0.0
20.322859666394237,581.0,84.0,104.0,0.0
20.34969013847592,580.0,85.0,104.0,0.0
20.35649114897847,580.0,84.0,105.0,0.0
20.372031041574218,580.0,83.0,106.0,0.0
20.378975360180675,579.0,84.0,106.0,0.0
20.402924593679543,579.0,83.0,107.0,0.0
20.436268759855817,579.0,82.0,108.0,0.0
20.468625762449598,579.0,82.0,107.0,0.0
20.524159518251,579.0,82.0,106.0,0.0
20.538822284646702,579.0,82.0,105.0,0.0
20.550331714645115,578.0,83.0,105.0,0.0
20.565041128435382,578.0,83.0,104.0,0.0
20.581993599137114,578.0,83.0,103.0,0.0
20.671988898726347,578.0,83.0,102.0,0.0
20.680362106752426,577.0,84.0,102.0,0.0
20.717362592351922,577.0,84.0,101.0,0.0
20.72053641692497,577.0,84.0,100.0,0.0
20.758416054837525,576.0,85.0,100.0,0.0
20.783822873684993,576.0,84.0,101.0,0.0
20.80047994177764,575.0,85.0,101.0,0.0
20.821371188184095,574.0,86.0,101.0,0.0
20.834956939170162,573.0,87.0,101.0,0.0
20.857192734488923,573.0,86.0,102.0,0.0
20.865229113710225,573.0,86.0,101.0,0.0
20.88791960044411,573.0,85.0,102.0,0.0
20.901690384834588,573.0,85.0,101.0,0.0
20.942764535304622,573.0,84.0,102.0,0.0
20.950253346029676,573.0,83.0,103.0,0.0
20.98625154275895,572.0,84.0,103.0,0.0
20.99879104573329,571.0,85.0,103.0,0.0
21.028724918583176,570.0,86.0,103.0,0.0
21.044224003731408,570.0,85.0,104.0,0.0
21.053686604740978,570.0,84.0,105.0,0.0
21.0626030706052,570.0,83.0,106.0,0.0
21.084912441701178,570.0,83.0,105.0,0.0
21.091716737952236,570.0,83.0,104.0,0.0
21.110427645049885,570.0,82.0,105.0,0.0
21.181659522377103,570.0,81.0,106.0,0.0
21.217989439897053,569.0,82.0,106.0,0.0
21.219829523359543,569.0,81.0,107.0,0.0
21.245158027622686,568.0,82.0,107.0,0.0
21.24801045343438,568.0,81.0,108.0,0.0
21.294558801428984,568.0,81.0,107.0,0.0
21.32167467654156,568.0,80.0,108.0,0.0
21.33429296862879,567.0,81.0,108.0,0.0
21.355011506283837,566.0,82.0,108.0,0.0
21.358306155337402,566.0,81.0,109.0,0.0
21.37825628958003,566.0,80.0,110.0,0.0
21.43010763768501,566.0,80.0,109.0,0.0
21.446249092929524,566.0,79.0,110.0,0.0
21.44945875677415,565.0,80.0,110.0,0.0
21.486942889747745,565.0,80.0,109.0,0.0
21.49630019014054,564.0,81.0,109.0,0.0
21.50616903861934,564.0,80.0,110.0,0.0
21.50974119448298,563.0,81.0,110.0,0.0
21.51954531466929,562.0,82.0,110.0,0.0
21.525494370623758,562.0,81.0,111.0,0.0
21.626056825531087,561.0,82.0,111.0,0.0
21.630675928664864,561.0,82.0,110.0,0.0
21.632159654165488,560.0,83.0,110.0,0.0
21.66464743505465,559.0,84.0,110.0,0.0
21.667477924654882,559.0,84.0,109.0,0.0
21.668908749801265,559.0,84.0,108.0,0.0
21.71626907712494,558.0,85.0,108.0,0.0
21.722427501906335,557.0,86.0,108.0,0.0
21.728521634080124,557.0,86.0,107.0,0.0
21.754128610874435,556.0,87.0,107.0,0.0
21.833304697630656,556.0,86.0,108.0,0.0
21.852353406350673,556.0,85.0,109.0,0.0
21.932237005007742,555.0,86.0,109.0,0.0
21.94554638332597,555.0,86.0,108.0,0.0
21.949926205542372,554.0,87.0,108.0,0.0
21.998918716623876,554.0,87.0,107.0,0.0
22.008172984915642,554.0,86.0,108.0,0.0
22.00913749635538,554.0,85.0,109.0,0.0
22.015196002295962,553.0,86.0,109.0,0.0
22.02125212672799,553.0,85.0,110.0,0.0
22.048373491168846,553.0,85.0,109.0,0.0
22.052878154342658,552.0,86.0,109.0,0.0
22.07543447567336,552.0,86.0,108.0,0.0
22.090675333838394,551.0,87.0,108.0,0.0
22.10157243391145,551.0,86.0,109.0,0.0
22.162158194838348,551.0,85.0,110.0,0.0
22.172335559620254,551.0,84.0,111.0,0.0
22.195895943374644,551.0,83.0,112.0,0.0
22.20460259838629,551.0,82.0,113.0,0.0
22.217117246153148,550.0,83.0,113.0,0.0
22.22933059132594,550.0,83.0,112.0,0.0
22.263427127428333,549.0,84.0,112.0,0.0
22.275901404043378,549.0,83.0,113.0,0.0
22.282114465348858,549.0,82.0,114.0,0.0
22.313722069499143,549.0,81.0,115.0,0.0
22.318120528143083,549.0,81.0,114.0,0.0
22.332765968030916,548.0,82.0,114.0,0.0
22.34561368263392,548.0,81.0,115.0,0.0
22.35013600398292,547.0,82.0,115.0,0.0
22.37633267291563,547.0,81.0,116.0,0.0
22.397022730248704,547.0,81.0,115.0,0.0
22.406614615518766,547.0,80.0,116.0,0.0
22.40800431871827,547.0,80.0,115.0,0.0
22.414382817750436,547.0,79.0,116.0,0.0
22.418024168003257,547.0,79.0,115.0,0.0
22.448538070122595,547.0,78.0,116.0,0.0
22.463993734473764,547.0,78.0,115.0,0.0
22.530250149638306,547.0,77.0,116.0,0.0
22.562156527804092,547.0,77.0,115.0,0.0
22.617715617269155,547.0,76.0,116.0,0.0
22.628537132384917,547.0,76.0,115.0,0.0
22.673145485320504,547.0,76.0,114.0,0.0
22.749579985361578,547.0,75.0,115.0,0.0
22.757876266431747,547.0,75.0,114.0,0.0
22.776147006885587,547.0,75.0,113.0,0.0
22.78217445887938,546.0,76.0,113.0,0.0
22.78904405022327,546.0,76.0,112.0,0.0
22.796170697655356,545.0,77.0,112.0,0.0
22.818186673034546,545.0,76.0,113.0,0.0
22.84544126297649,545.0,75.0,114.0,0.0
22.859480274086707,544.0,76.0,114.0,0.0
22.872819672482425,544.0,75.0,115.0,0.0
22.88658805161438,544.0,75.0,114.0,0.0
22.89888867877249,543.0,76.0,114.0,0.0
22.90387606247841,542.0,77.0,114.0,0.0
22.979483269314276,542.0,76.0,115.0,0.0
22.992676944952205,542.0,76.0,114.0,0.0
23.003471671683396,541.0,77.0,114.0,0.0
23.008225707240392,541.0,77.0,113.0,0.0
23.01056051291342,540.0,78.0,113.0,0.0
23.02265147223257,540.0,78.0,112.0,0.0
23.04807370251765,539.0,79.0,112.0,0.0
23.07666171278285,539.0,79.0,111.0,0.0
23.12764170344357,539.0,78.0,112.0,0.0
23.150864831760074,538.0,79.0,112.0,0.0
23.179204066563326,538.0,78.0,113.0,0.0
23.18672570803961,537.0,79.0,113.0,0.0
23.204728519738374,537.0,78.0,114.0,0.0
23.214282645168783,536.0,79.0,114.0,0.0
23.220098567997745,536.0,78.0,115.0,0.0
23.246146426499703,535.0,79.0,115.0,0.0
23.26340948150406,535.0,78.0,116.0,0.0
23.276277200975706,535.0,78.0,115.0,0.0
23.300692706608242,535.0,77.0,116.0,0.0
23.334383472970114,535.0,77.0,115.0,0.0
23.371862377436848,534.0,78.0,115.0,0.0
23.38552571899006,534.0,78.0,114.0,0.0
23.40395892857663,533.0,79.0,114.0,0.0
23.458134631567138,533.0,78.0,115.0,0.0
23.469875151147093,533.0,78.0,114.0,0.0
23.505712841830608,533.0,78.0,113.0,0.0
23.54580257877878,533.0,77.0,114.0,0.0
23.552771377082244,532.0,78.0,114.0,0.0
23.56279526323821,532.0,78.0,113.0,0.0
23.590244775497847,532.0,77.0,114.0,0.0
23.591973168986414,531.0,78.0,114.0,0.0
23.605254909680408,530.0,79.0,114.0,0.0
23.610278124771455,530.0,78.0,115.0,0.0
23.62145901930154,530.0,77.0,116.0,0.0
23.625816218528723,530.0,76.0,117.0,0.0
23.69677963021269,530.0,75.0,118.0,0.0
23.71967991021521,529.0,76.0,118.0,0.0
23.73560388791563,529.0,76.0,117.0,0.0
23.746449806252446,528.0,77.0,117.0,0.0
23.763727130661263,528.0,76.0,118.0,0.0
23.76552810493265,527.0,77.0,118.0,0.0
23.7942187339595,527.0,76.0,119.0,0.0
23.808554803378136,526.0,77.0,119.0,0.0
23.845670767099833,525.0,78.0,119.0,0.0
23.85860012627494,525.0,78.0,118.0,0.0
23.876606878154405,524.0,79.0,118.0,0.0
23.91745940669901,524.0,78.0,119.0,0.0
23.9893500670765,524.0,77.0,120.0,0.0
23.99178209182471,524.0,76.0,121.0,0.0
24.02985971434539,523.0,77.0,121.0,0.0
24.065319097052218,522.0,78.0,121.0,0.0
24.07386761218167,522.0,77.0,122.0,0.0
24.103299899873942,522.0,77.0,121.0,0.0
24.136912420140877,522.0,76.0,122.0,0.0
24.17088266573975,522.0,75.0,123.0,0.0
24.205661025230366,522.0,75.0,122.0,0.0
24.266722987629148,522.0,75.0,121.0,0.0
24.286363270458878,521.0,76.0,121.0,0.0
24.316763549207703,521.0,76.0,120.0,0.0
24.344108785288007,521.0,76.0,119.0,0.0
24.38589290250978,521.0,76.0,118.0,0.0
24.398243303958843,521.0,75.0,119.0,0.0
24.431189341510436,521.0,75.0,118.0,0.0
24.438853736670485,521.0,74.0,119.0,0.0
24.453264036560213,520.0,75.0,119.0,0.0
24.455595590596126,520.0,75.0,118.0,0.0
24.487772857789167,520.0,74.0,119.0,0.0
24.510989464368503,520.0,74.0,118.0,0.0
24.549719706240506,520.0,73.0,119.0,0.0
24.552061885547243,519.0,74.0,119.0,0.0
24.56402972331002,519.0,73.0,120.0,0.0
24.583939647722758,519.0,73.0,119.0,0.0
24.626685928689973,519.0,73.0,118.0,0.0
24.65040659917866,519.0,73.0,117.0,0.0
24.653061253993112,519.0,73.0,116.0,0.0
24.657235696769597,519.0,73.0,115.0,0.0
24.66943874018552,518.0,74.0,115.0,0.0
24.684911539460234,518.0,74.0,114.0,0.0
24.685243958466266,517.0,75.0,114.0,0.0
24.702336646345444,516.0,76.0,114.0,0.0
24.714336265516977,516.0,76.0,113.0,0.0
24.7156794083826,516.0,76.0,112.0,0.0
24.717911138227343,516.0,75.0,113.0,0.0
24.748012828101118,515.0,76.0,113.0,0.0
24.76140680895564,515.0,76.0,112.0,0.0
24.799395638006924,514.0,77.0,112.0,0.0
24.836533441828312,514.0,77.0,111.0,0.0
24.84356829183812,513.0,78.0,111.0,0.0
24.862411361998692,512.0,79.0,111.0,0.0
24.884456452975083,512.0,78.0,112.0,0.0
24.90529933032062,512.0,78.0,111.0,0.0
24.93142769914619,512.0,78.0,110.0,0.0
24.989065934022484,512.0,77.0,111.0,0.0
24.99690590410875,511.0,78.0,111.0,0.0
24.9973744229207,511.0,78.0,110.0,0.0
25.016447086548826,511.0,78.0,109.0,0.0
25.05166263297714,511.0,77.0,110.0,0.0
25.073803937648496,511.0,76.0,111.0,0.0
25.086143882821354,510.0,77.0,111.0,0.0
25.114330261928142,510.0,77.0,110.0,0.0
25.131360940074945,510.0,76.0,111.0,0.0
25.135282571844485,509.0,77.0,111.0,0.0
25.194424030703637,509.0,77.0,110.0,0.0
25.198458214716226,509.0,77.0,109.0,0.0
25.217065311699383,509.0,76.0,110.0,0.0
25.230829758583585,508.0,77.0,110.0,0.0
25.236215119522633,508.0,77.0,109.0,0.0
25.253481904159266,508.0,76.0,110.0,0.0
25.27410231493964,508.0,76.0,109.0,0.0
25.29358959458879,508.0,76.0,108.0,0.0
25.299205329440426,508.0,76.0,107.0,0.0
25.321550911727762,508.0,75.0,108.0,0.0
25.321631730605944,508.0,75.0,107.0,0.0
25.32481150654899,507.0,76.0,107.0,0.0
25.32785511387993,507.0,76.0,106.0,0.0
25.332842620450055,507.0,75.0,107.0,0.0
25.37021523373353,506.0,76.0,107.0,0.0
25.40517858822329,505.0,77.0,107.0,0.0
25.407507550844148,505.0,76.0,108.0,0.0
25.420402854190673,505.0,75.0,109.0,0.0
25.44778315085437,505.0,75.0,108.0,0.0
25.47442320836382,505.0,75.0,107.0,0.0
25.547427929168492,505.0,74.0,108.0,0.0
25.548257506617723,505.0,74.0,107.0,0.0
25.555117330016746,505.0,74.0,106.0,0.0
25.562558215203186,505.0,74.0,105.0,0.0
25.569793283115672,504.0,75.0,105.0,0.0
25.584533567829947,504.0,74.0,106.0,0.0
25.617458748831957,504.0,73.0,107.0,0.0
25.667945357004157,504.0,72.0,108.0,0.0
25.67270225862757,504.0,72.0,107.0,0.0
25.673125116726567,504.0,72.0,106.0,0.0
25.70556031429778,504.0,72.0,105.0,0.0
25.720126003413508,504.0,72.0,104.0,0.0
25.729068706393956,503.0,73.0,104.0,0.0
25.753448269198042,503.0,72.0,105.0,0.0
25.85483985932109,502.0,73.0,105.0,0.0
25.87761484959129,502.0,72.0,106.0,0.0
25.91361696859997,501.0,73.0,106.0,0.0
25.925354024621733,501.0,73.0,105.0,0.0
25.990182578334707,501.0,72.0,106.0,0.0
26.019160039688106,500.0,73.0,106.0,0.0
26.06794403680024,499.0,74.0,106.0,0.0
26.113903918549024,499.0,74.0,105.0,0.0
26.16431995613001,499.0,73.0,106.0,0.0
26.165692738491593,498.0,74.0,106.0,0.0
26.211411756340656,498.0,73.0,107.0,0.0
26.27983070911551,498.0,72.0,108.0,0.0
26.34079235821738,498.0,72.0,107.0,0.0
26.365382699642335,498.0,71.0,108.0,0.0
26.417647703444917,498.0,71.0,107.0,0.0
26.45383210278577,498.0,70.0,108.0,0.0
26.46112220546033,498.0,70.0,107.0,0.0
26.46521956929109,498.0,69.0,108.0,0.0
26.468519988395403,497.0,70.0,108.0,0.0
26.49519949549542,496.0,71.0,108.0,0.0
26.496378410390385,495.0,72.0,108.0,0.0
26.50887703983163,494.0,73.0,108.0,0.0
26.579712994784074,494.0,73.0,107.0,0.0
26.584873102296115,494.0,72.0,108.0,0.0
26.5991328573456,494.0,72.0,107.0,0.0
26.65990089436928,493.0,73.0,107.0,0.0
26.69127670709188,493.0,73.0,106.0,0.0
26.71388875394861,493.0,72.0,107.0,0.0
26.715435091862478,493.0,71.0,108.0,0.0
26.716125419009042,493.0,70.0,109.0,0.0
26.76281930845933,492.0,71.0,109.0,0.0
26.77568184848416,491.0,72.0,109.0,0.0
26.83106459560335,491.0,72.0,108.0,0.0
26.85096941050824,490.0,73.0,108.0,0.0
26.85498999798601,490.0,73.0,107.0,0.0
26.91563913916409,490.0,73.0,106.0,0.0
26.93499135915837,490.0,73.0,105.0,0.0
26.97534725205652,490.0,73.0,104.0,0.0
26.99458758753114,490.0,72.0,105.0,0.0
26.995637875486228,490.0,71.0,106.0,0.0
26.996403409195153,490.0,71.0,105.0,0.0
27.002006089525135,490.0,70.0,106.0,0.0
27.00883222578575,490.0,70.0,105.0,0.0
27.038987591753557,490.0,70.0,104.0,0.0
27.039756900179615,490.0,70.0,103.0,0.0
27.09656618784655,490.0,69.0,104.0,0.0
27.136085918901326,490.0,68.0,105.0,0.0
27.147922421857075,489.0,69.0,105.0,0.0
27.14942373728217,489.0,69.0,104.0,0.0
27.177906401071468,489.0,68.0,105.0,0.0
27.200063892828364,489.0,67.0,106.0,0.0
27.22672622446314,489.0,66.0,107.0,0.0
27.22686900342543,489.0,66.0,106.0,0.0
27.279222143729775,489.0,66.0,105.0,0.0
27.286197117100265,489.0,66.0,104.0,0.0
27.302361360290824,488.0,67.0,104.0,0.0
27.311696586397918,488.0,67.0,103.0,0.0
27.339894647323444,488.0,67.0,102.0,0.0
27.342290185139134,488.0,66.0,103.0,0.0
27.384095768697946,487.0,67.0,103.0,0.0
27.38905008031749,487.0,67.0,102.0,0.0
27.478495514557416,486.0,68.0,102.0,0.0
27.493822801765383,486.0,67.0,103.0,0.0
27.49613810716743,486.0,67.0,102.0,0.0
27.51338010594645,486.0,66.0,103.0,0.0
27.51876955402067,486.0,65.0,104.0,0.0
27.537086680124645,485.0,66.0,104.0,0.0
27.585485779390098,485.0,66.0,103.0,0.0
27.593512466652715,485.0,66.0,102.0,0.0
27.62184726322975,485.0,66.0,101.0,0.0
27.65485382442262,485.0,66.0,100.0,0.0
27.65942555252952,485.0,65.0,101.0,0.0
27.709208733521308,485.0,65.0,100.0,0.0
27.721758208866,485.0,64.0,101.0,0.0
27.723540804976917,484.0,65.0,101.0,0.0
27.737432020372857,483.0,66.0,101.0,0.0
27.788383578197124,482.0,67.0,101.0,0.0
27.876109777098133,481.0,68.0,101.0,0.0
27.887579503306164,481.0,68.0,100.0,0.0
27.902584354146438,481.0,68.0,99.0,0.0
27.90609609386223,481.0,67.0,100.0,0.0
27.92525806286313,481.0,67.0,99.0,0.0
27.927274229707635,480.0,68.0,99.0,0.0
27.929992850493743,480.0,68.0,98.0,0.0
27.942963852579073,480.0,67.0,99.0,0.0
27.982852276825987,480.0,67.0,98.0,0.0
27.988410381500604,480.0,66.0,99.0,0.0
27.996961414083756,479.0,67.0,99.0,0.0
28.01869060299344,479.0,67.0,98.0,0.0
28.03062041804733,479.0,67.0,97.0,0.0
28.07890860927236,479.0,66.0,98.0,0.0
28.082310571861658,479.0,66.0,97.0,0.0
28.11225419488914,479.0,65.0,98.0,0.0
28.14641651754996,479.0,64.0,99.0,0.0
28.222033844226885,479.0,63.0,100.0,0.0
28.228587070398518,478.0,64.0,100.0,0.0
28.38449572168723,478.0,64.0,99.0,0.0
28.412110303948687,478.0,63.0,100.0,0.0
28.418899922568645,478.0,63.0,99.0,0.0
28.446598094795963,478.0,63.0,98.0,0.0
28.451957952968147,478.0,62.0,99.0,0.0
28.45472454930062,478.0,61.0,100.0,0.0
28.461537563612207,478.0,60.0,101.0,0.0
28.481625300217555,478.0,60.0,100.0,0.0
28.512481337182447,478.0,59.0,101.0,0.0
28.521941781531112,478.0,58.0,102.0,0.0
28.561429361556915,477.0,59.0,102.0,0.0
28.582368940934337,477.0,58.0,103.0,0.0
28.596727647642638,477.0,57.0,104.0,0.0
28.60982701822943,477.0,56.0,105.0,0.0
28.610336044481283,477.0,56.0,104.0,0.0
28.642253094746202,477.0,55.0,105.0,0.0
28.77584987561002,476.0,56.0,105.0,0.0
28.839042294366905,476.0,56.0,104.0,0.0
28.899495377339402,476.0,56.0,103.0,0.0
28.924147217825215,475.0,57.0,103.0,0.0
28.928478942557305,475.0,56.0,104.0,0.0
28.939141998248886,474.0,57.0,104.0,0.0
28.953538284891078,474.0,56.0,105.0,0.0
28.995791326495915,474.0,56.0,104.0,0.0
29.01627682632006,473.0,57.0,104.0,0.0
29.027463491489474,472.0,58.0,104.0,0.0
29.048221756041873,472.0,57.0,105.0,0.0
29.063458072430063,472.0,57.0,104.0,0.0
29.13752707055364,472.0,56.0,105.0,0.0
29.146146798500723,472.0,56.0,104.0,0.0
29.217921791126177,472.0,56.0,103.0,0.0
29.229798877117656,471.0,57.0,103.0,0.0
29.25255237601252,471.0,57.0,102.0,0.0
29.262072783146735,471.0,57.0,101.0,0.0
29.298800882784786,470.0,58.0,101.0,0.0
29.324252350590104,470.0,58.0,100.0,0.0
29.381941959871966,470.0,57.0,101.0,0.0
29.532613087138657,469.0,58.0,101.0,0.0
29.602018778126112,468.0,59.0,101.0,0.0
29.61470198968679,467.0,60.0,101.0,0.0
29.631251172594514,466.0,61.0,101.0,0.0
29.716475596657176,466.0,61.0,100.0,0.0
29.717028958937423,465.0,62.0,100.0,0.0
29.78342612647423,465.0,62.0,99.0,0.0
29.80278473936423,465.0,61.0,100.0,0.0
29.81024237857819,465.0,60.0,101.0,0.0
29.813749958666495,465.0,60.0,100.0,0.0
29.822884839234007,465.0,60.0,99.0,0.0
29.826523920526572,464.0,61.0,99.0,0.0
29.83405143868381,464.0,61.0,98.0,0.0
29.8640314976909,464.0,61.0,97.0,0.0
29.89186186995539,464.0,60.0,98.0,0.0
29.89478803103604,464.0,60.0,97.0,0.0
29.970350484720782,463.0,61.0,97.0,0.0
29.9921952978566,462.0,62.0,97.0,0.0
30.018257461353848,461.0,63.0,97.0,0.0
30.021152300867517,460.0,64.0,97.0,0.0
30.057817776468706,460.0,63.0,98.0,0.0
30.07827403127646,460.0,63.0,97.0,0.0
30.118114374645018,460.0,62.0,98.0,0.0
30.13707806058109,460.0,62.0,97.0,0.0
30.137965905533484,459.0,63.0,97.0,0.0
30.231271390603446,459.0,62.0,98.0,0.0
30.254115563302005,459.0,62.0,97.0,0.0
30.32330638479095,458.0,63.0,97.0,0.0
30.369013402378357,458.0,62.0,98.0,0.0
30.41111980516934,457.0,63.0,98.0,0.0
30.411679423344445,457.0,63.0,97.0,0.0
30.422988083084633,457.0,63.0,96.0,0.0
30.45808633538305,457.0,62.0,97.0,0.0
30.46873831792623,457.0,62.0,96.0,0.0
30.49321574891399,457.0,61.0,97.0,0.0
30.518374593320775,457.0,60.0,98.0,0.0
30.523714806811242,457.0,60.0,97.0,0.0
30.589340499189166,457.0,60.0,96.0,0.0
30.621086325291653,457.0,60.0,95.0,0.0
30.649548236350654,457.0,59.0,96.0,0.0
30.711699213824204,456.0,60.0,96.0,0.0
30.71314835363903,456.0,60.0,95.0,0.0
30.721206326136684,455.0,61.0,95.0,0.0
30.72605814515888,455.0,61.0,94.0,0.0
30.733976238368193,455.0,61.0,93.0,0.0
30.744497072944863,454.0,62.0,93.0,0.0
30.767858184410418,454.0,62.0,92.0,0.0
30.78610558616319,454.0,61.0,93.0,0.0
30.8438776811747,454.0,60.0,94.0,0.0
30.860290045797015,454.0,59.0,95.0,0.0
30.918926597381837,453.0,60.0,95.0,0.0
30.976543555153196,453.0,59.0,96.0,0.0
31.030136909744474,453.0,59.0,95.0,0.0
31.089842767662066,453.0,58.0,96.0,0.0
31.13610651977567,453.0,57.0,97.0,0.0
31.15159792903863,453.0,57.0,96.0,0.0
31.154763205771683,453.0,57.0,95.0,0.0
31.305948693463144,453.0,56.0,96.0,0.0
31.368708751946212,453.0,56.0,95.0,0.0
31.401773647252007,453.0,56.0,94.0,0.0
31.458111512305894,453.0,56.0,93.0,0.0
31.467120348647576,452.0,57.0,93.0,0.0
31.47068325625597,452.0,56.0,94.0,0.0
31.483016033737083,452.0,56.0,93.0,0.0
31.53279502450974,451.0,57.0,93.0,0.0
31.562337367443035,450.0,58.0,93.0,0.0
31.620962297830115,450.0,57.0,94.0,0.0
31.656264590593484,450.0,57.0,93.0,0.0
31.72442682993977,450.0,57.0,92.0,0.0
31.765034338862886,450.0,56.0,93.0,0.0
31.800110864549268,450.0,56.0,92.0,0.0
31.93104294699038,450.0,56.0,91.0,0.0
31.932738045774915,450.0,55.0,92.0,0.0
31.93765317685087,450.0,55.0,91.0,0.0
31.966337820363123,450.0,54.0,92.0,0.0
31.98185677958339,449.0,55.0,92.0,0.0
31.984227141269688,448.0,56.0,92.0,0.0
31.989197896350333,448.0,56.0,91.0,0.0
32.00142354587322,448.0,56.0,90.0,0.0
32.0027190111848,448.0,56.0,89.0,0.0
32.00533680026441,448.0,56.0,88.0,0.0
32.06156440674854,448.0,55.0,89.0,0.0
32.06668260671604,448.0,55.0,88.0,0.0
32.123750427359774,448.0,54.0,89.0,0.0
32.1566410479406,448.0,54.0,88.0,0.0
32.15986808772175,448.0,53.0,89.0,0.0
32.17893341635628,448.0,53.0,88.0,0.0
32.191840699736694,447.0,54.0,88.0,0.0
32.22826001156849,446.0,55.0,88.0,0.0
32.246328994955945,446.0,55.0,87.0,0.0
32.275070909284985,445.0,56.0,87.0,0.0
32.33132485917636,445.0,55.0,88.0,0.0
32.38347789046618,445.0,54.0,89.0,0.0
32.40388382429996,444.0,55.0,89.0,0.0
32.42681578558168,444.0,55.0,88.0,0.0
32.441226230627684,444.0,54.0,89.0,0.0
32.444851593245495,443.0,55.0,89.0,0.0
32.4631580181212,442.0,56.0,89.0,0.0
32.46710327993702,441.0,57.0,89.0,0.0
32.48291399930726,441.0,57.0,88.0,0.0
32.49606331269682,441.0,56.0,89.0,0.0
32.54959954592745,440.0,57.0,89.0,0.0
32.60529771866181,440.0,56.0,90.0,0.0
32.60862502313519,440.0,55.0,91.0,0.0
32.610491852894796,440.0,54.0,92.0,0.0
32.626222394694196,439.0,55.0,92.0,0.0
32.633794702866226,438.0,56.0,92.0,0.0
32.647420691005415,437.0,57.0,92.0,0.0
32.64933209422973,436.0,58.0,92.0,0.0
32.71971464844708,436.0,57.0,93.0,0.0
32.722590868078726,436.0,56.0,94.0,0.0
32.72813663247713,436.0,55.0,95.0,0.0
32.80338051764556,435.0,56.0,95.0,0.0
32.82433004193752,435.0,56.0,94.0,0.0
32.88156467837723,434.0,57.0,94.0,0.0
32.90407005351127,434.0,57.0,93.0,0.0
32.90566163882191,434.0,57.0,92.0,0.0
32.94957076972415,433.0,58.0,92.0,0.0
32.97035129979521,433.0,58.0,91.0,0.0
33.03962451065911,433.0,58.0,90.0,0.0
33.10167082191485,432.0,59.0,90.0,0.0
33.10309843320271,432.0,59.0,89.0,0.0
33.145811202071414,432.0,59.0,88.0,0.0
33.147526729471586,432.0,59.0,87.0,0.0
33.15694064452081,432.0,58.0,88.0,0.0
33.193098957531205,431.0,59.0,88.0,0.0
33.20392040928718,431.0,58.0,89.0,0.0
33.21592254418094,431.0,57.0,90.0,0.0
33.22094251445229,431.0,56.0,91.0,0.0
33.24504303465885,431.0,55.0,92.0,0.0
33.26973253632383,430.0,56.0,92.0,0.0
33.27794558650871,429.0,57.0,92.0,0.0
33.28774831363299,428.0,58.0,92.0,0.0
33.29568293302086,428.0,58.0,91.0,0.0
33.33358587569555,428.0,58.0,90.0,0.0
33.33930337326197,427.0,59.0,90.0,0.0
33.35188320214707,426.0,60.0,90.0,0.0
33.368155467229265,426.0,60.0,89.0,0.0
33.385463469030555,426.0,60.0,88.0,0.0
33.409203456777284,426.0,59.0,89.0,0.0
33.43930820408347,425.0,60.0,89.0,0.0
33.443608095374465,424.0,61.0,89.0,0.0
33.517142340811674,424.0,60.0,90.0,0.0
33.54719634868362,423.0,61.0,90.0,0.0
33.5501213373328,423.0,61.0,89.0,0.0
33.56090408318615,422.0,62.0,89.0,0.0
33.56351101721976,422.0,61.0,90.0,0.0
33.62056238897878,422.0,60.0,91.0,0.0
33.6545517818864,421.0,61.0,91.0,0.0
33.66787448723613,421.0,60.0,92.0,0.0
33.677607093995405,421.0,59.0,93.0,0.0
33.68485779761774,421.0,59.0,92.0,0.0
33.755785224192536,421.0,59.0,91.0,0.0
33.80881991253543,420.0,60.0,91.0,0.0
33.81106480609612,420.0,59.0,92.0,0.0
33.845272404730466,420.0,58.0,93.0,0.0
33.84821081854372,420.0,57.0,94.0,0.0
33.85145979727258,420.0,56.0,95.0,0.0
33.87273974599988,419.0,57.0,95.0,0.0
33.87977497729064,419.0,57.0,94.0,0.0
33.88085662394321,419.0,57.0,93.0,0.0
33.922469903321215,418.0,58.0,93.0,0.0
33.940278376634566,418.0,57.0,94.0,0.0
33.96451711234731,418.0,56.0,95.0,0.0
33.98778958325774,418.0,56.0,94.0,0.0
34.01898711650235,418.0,56.0,93.0,0.0
34.04625062978971,418.0,56.0,92.0,0.0
34.07605431655113,418.0,56.0,91.0,0.0
34.146430103187946,418.0,55.0,92.0,0.0
34.17037823460104,418.0,54.0,93.0,0.0
34.205202409636065,418.0,54.0,92.0,0.0
34.269458260840686,418.0,54.0,91.0,0.0
34.274208546683624,418.0,53.0,92.0,0.0
34.337967163754406,418.0,53.0,91.0,0.0
34.41744573705059,417.0,54.0,91.0,0.0
34.45011840814825,417.0,53.0,92.0,0.0
34.464445543657,417.0,53.0,91.0,0.0
34.51438571165675,417.0,52.0,92.0,0.0
34.57491307330734,417.0,52.0,91.0,0.0
34.62038631210819,417.0,52.0,90.0,0.0
34.63232679736837,417.0,52.0,89.0,0.0
34.63529597783772,417.0,52.0,88.0,0.0
34.63654241063376,417.0,51.0,89.0,0.0
34.67349836091699,417.0,50.0,90.0,0.0
34.76227201367513,417.0,49.0,91.0,0.0
34.856675642404134,417.0,49.0,90.0,0.0
34.86103065144145,417.0,49.0,89.0,0.0
34.95583890922085,417.0,49.0,88.0,0.0
34.9751944414173,416.0,50.0,88.0,0.0
35.01185522396945,415.0,51.0,88.0,0.0
35.0701993854584,415.0,51.0,87.0,0.0
35.07433561200588,415.0,51.0,86.0,0.0
35.075248301501304,415.0,51.0,85.0,0.0
35.128132991981154,415.0,51.0,84.0,0.0
35.15035841453532,415.0,51.0,83.0,0.0
35.25229677333443,415.0,51.0,82.0,0.0
35.25345739915532,414.0,52.0,82.0,0.0
35.25947817238119,413.0,53.0,82.0,0.0
35.26808343720434,413.0,53.0,81.0,0.0
35.311756800253086,413.0,53.0,80.0,0.0
35.396113898620975,413.0,53.0,79.0,0.0
35.46714880456841,413.0,53.0,78.0,0.0
35.51287909699622,413.0,52.0,79.0,0.0
35.60204019155517,412.0,53.0,79.0,0.0
35.66295385786977,412.0,53.0,78.0,0.0
35.747972544780374,412.0,52.0,79.0,0.0
35.8086347575146,412.0,52.0,78.0,0.0
35.81526187046338,412.0,51.0,79.0,0.0
35.87380269063134,412.0,51.0,78.0,0.0
35.88154545943867,412.0,51.0,77.0,0.0
35.896578808054144,412.0,51.0,76.0,0.0
35.92284567546926,412.0,51.0,75.0,0.0
36.055290689257994,412.0,51.0,74.0,0.0
36.077752591468204,411.0,52.0,74.0,0.0
36.14244516438702,411.0,51.0,75.0,0.0
36.18823079828778,411.0,51.0,74.0,0.0
36.22889128121992,411.0,50.0,75.0,0.0
36.23886955364885,411.0,49.0,76.0,0.0
36.28876238791874,411.0,48.0,77.0,0.0
36.356953447655165,411.0,48.0,76.0,0.0
36.40496145865649,410.0,49.0,76.0,0.0
36.41974378957222,410.0,49.0,75.0,0.0
36.430686474238954,410.0,49.0,74.0,0.0
36.45134266402729,410.0,49.0,73.0,0.0
36.53117723807603,409.0,50.0,73.0,0.0
36.5809649665746,409.0,49.0,74.0,0.0
36.60543534351869,409.0,49.0,73.0,0.0
36.61801135715057,409.0,48.0,74.0,0.0
36.63687277858886,409.0,48.0,73.0,0.0
36.71178864705081,409.0,47.0,74.0,0.0
36.78381851049566,409.0,46.0,75.0,0.0
36.80703134655376,409.0,46.0,74.0,0.0
36.83043220991751,409.0,46.0,73.0,0.0
37.02722869797849,408.0,47.0,73.0,0.0
37.027317858206466,408.0,47.0,72.0,0.0
37.04743419990445,408.0,47.0,71.0,0.0
37.070204883287374,407.0,48.0,71.0,0.0
37.10823104771038,407.0,48.0,70.0,0.0
37.24354958019521,407.0,47.0,71.0,0.0
37.245836138893964,407.0,47.0,70.0,0.0
37.262944589404526,407.0,47.0,69.0,0.0
37.280846312290414,407.0,46.0,70.0,0.0
37.33226414875364,407.0,46.0,69.0,0.0
37.34539523233038,406.0,47.0,69.0,0.0
37.45222217825583,406.0,47.0,68.0,0.0
37.509595030008164,406.0,47.0,67.0,0.0
37.51544719480494,406.0,47.0,66.0,0.0
37.5376933227801,406.0,47.0,65.0,0.0
37.54684047023463,406.0,46.0,66.0,0.0
37.55466673913973,405.0,47.0,66.0,0.0
37.59781961013172,405.0,47.0,65.0,0.0
37.6578407758979,404.0,48.0,65.0,0.0
37.69421497155709,403.0,49.0,65.0,0.0
37.77985124383012,403.0,49.0,64.0,0.0
37.82806903236684,403.0,48.0,65.0,0.0
37.89613569770048,403.0,47.0,66.0,0.0
37.913806067853045,403.0,47.0,65.0,0.0
37.91463339897738,403.0,47.0,64.0,0.0
37.94982309127893,403.0,47.0,63.0,0.0
38.00965330003445,403.0,46.0,64.0,0.0
38.02344242138463,402.0,47.0,64.0,0.0
38.0236026056598,402.0,47.0,63.0,0.0
38.023789498632105,402.0,47.0,62.0,0.0
38.057240712659386,402.0,46.0,63.0,0.0
38.111866552132724,402.0,46.0,62.0,0.0
38.157944152509764,402.0,46.0,61.0,0.0
38.17049002821368,402.0,45.0,62.0,0.0
38.17698981587977,401.0,46.0,62.0,0.0
38.17812307825108,401.0,46.0,61.0,0.0
38.25444438388091,401.0,46.0,60.0,0.0
38.28977327442442,401.0,45.0,61.0,0.0
38.294672432278006,400.0,46.0,61.0,0.0
38.33108524603198,399.0,47.0,61.0,0.0
38.35594574396627,399.0,46.0,62.0,0.0
38.356924185108156,398.0,47.0,62.0,0.0
38.358144286178145,398.0,47.0,61.0,0.0
38.43046723019131,398.0,46.0,62.0,0.0
38.57670375156643,398.0,45.0,63.0,0.0
38.582606771125135,398.0,44.0,64.0,0.0
38.67539389014442,397.0,45.0,64.0,0.0
38.702983246261134,397.0,45.0,63.0,0.0
38.70856283318136,397.0,44.0,64.0,0.0
38.76738577280614,397.0,44.0,63.0,0.0
38.876857467289064,397.0,44.0,62.0,0.0
38.87881479043232,397.0,44.0,61.0,0.0
38.8811650542955,397.0,43.0,62.0,0.0
38.920756258515034,397.0,43.0,61.0,0.0
39.15303855842059,397.0,42.0,62.0,0.0
39.19876300055882,397.0,41.0,63.0,0.0
39.27955471560763,397.0,41.0,62.0,0.0
39.32712493151816,397.0,41.0,61.0,0.0
39.35196251598995,397.0,40.0,62.0,0.0
39.39195794896149,397.0,40.0,61.0,0.0
39.39884694421801,397.0,40.0,60.0,0.0
39.415759868292376,396.0,41.0,60.0,0.0
39.43292784252366,395.0,42.0,60.0,0.0
39.48301842073302,395.0,42.0,59.0,0.0
39.49535987175307,395.0,41.0,60.0,0.0
39.60310504675232,395.0,40.0,61.0,0.0
39.630808099639545,395.0,40.0,60.0,0.0
39.65249592488341,395.0,40.0,59.0,0.0
39.665589875780874,395.0,39.0,60.0,0.0
39.70292174183432,395.0,39.0,59.0,0.0
39.73465482686527,395.0,38.0,60.0,0.0
39.7655896861614,395.0,38.0,59.0,0.0
39.79472908005775,395.0,37.0,60.0,0.0
39.827060014201464,394.0,38.0,60.0,0.0
39.870081615208974,394.0,37.0,61.0,0.0
39.874323803622495,394.0,37.0,60.0,0.0
39.92886067269619,394.0,37.0,59.0,0.0
39.93052808628975,393.0,38.0,59.0,0.0
40.18579640809608,393.0,37.0,60.0,0.0
40.21829878752502,393.0,36.0,61.0,0.0
40.25251352542213,393.0,36.0,60.0,0.0
40.283688911602184,393.0,35.0,61.0,0.0
40.28765131803246,393.0,34.0,62.0,0.0
40.35269395192545,393.0,34.0,61.0,0.0
40.440660387575186,393.0,34.0,60.0,0.0
40.44553281140943,393.0,34.0,59.0,0.0
40.499129189371395,392.0,35.0,59.0,0.0
40.51597367746549,392.0,35.0,58.0,0.0
40.539969066606844,392.0,34.0,59.0,0.0
40.54693169811724,392.0,34.0,58.0,0.0
40.55879774968726,392.0,33.0,59.0,0.0
40.5591409681007,392.0,33.0,58.0,0.0
40.626109735721464,392.0,32.0,59.0,0.0
40.63321056455998,392.0,31.0,60.0,0.0
40.65221619179153,392.0,31.0,59.0,0.0
40.80367427817614,392.0,31.0,58.0,0.0
40.85395645383989,391.0,32.0,58.0,0.0
40.8732748201061,390.0,33.0,58.0,0.0
40.913310761321064,390.0,33.0,57.0,0.0
40.92829230971876,390.0,33.0,56.0,0.0
40.936770224578716,390.0,32.0,57.0,0.0
40.976189120377114,390.0,32.0,56.0,0.0
41.02794019406259,390.0,31.0,57.0,0.0
41.079957575385805,390.0,30.0,58.0,0.0
41.18987631941508,390.0,29.0,59.0,0.0
41.193768921527415,390.0,28.0,60.0,0.0
41.22806220115046,390.0,28.0,59.0,0.0
41.263229857235956,390.0,28.0,58.0,0.0
41.57291222658834,390.0,28.0,57.0,0.0
41.726884913497166,389.0,29.0,57.0,0.0
41.74855281444525,388.0,30.0,57.0,0.0
41.8435572634976,388.0,29.0,58.0,0.0
41.86251527378678,388.0,28.0,59.0,0.0
41.926632772088674,387.0,29.0,59.0,0.0
41.9637455804188,386.0,30.0,59.0,0.0
41.98378665463018,385.0,31.0,59.0,0.0
42.073187537321395,385.0,31.0,58.0,0.0
42.12077250242339,385.0,31.0,57.0,0.0
42.17771631756228,385.0,30.0,58.0,0.0
42.1781273953058,385.0,30.0,57.0,0.0
42.206983189087744,385.0,29.0,58.0,0.0
42.25716514138476,385.0,29.0,57.0,0.0
42.307208060121965,385.0,29.0,56.0,0.0
42.371554874901626,385.0,28.0,57.0,0.0
42.393215091453776,385.0,28.0,56.0,0.0
42.40637771727217,385.0,27.0,57.0,0.0
42.46772946656532,384.0,28.0,57.0,0.0
42.50486162597382,384.0,28.0,56.0,0.0
42.52188839990953,384.0,27.0,57.0,0.0
42.56748658921649,384.0,27.0,56.0,0.0
42.59365907176576,383.0,28.0,56.0,0.0
42.73727058691331,383.0,27.0,57.0,0.0
42.77048199057786,383.0,27.0,56.0,0.0
42.7755887915671,382.0,28.0,56.0,0.0
42.78404989519902,381.0,29.0,56.0,0.0
42.79566308376827,381.0,29.0,55.0,0.0
42.808633075822456,381.0,29.0,54.0,0.0
42.87917998840211,381.0,28.0,55.0,0.0
43.04508619358169,381.0,28.0,54.0,0.0
43.067672205750206,381.0,28.0,53.0,0.0
43.10677619802863,381.0,27.0,54.0,0.0
43.156197531110735,381.0,26.0,55.0,0.0
43.18279051184987,380.0,27.0,55.0,0.0
43.2368817820567,380.0,27.0,54.0,0.0
43.2509683858427,380.0,27.0,53.0,0.0
43.26906149261374,379.0,28.0,53.0,0.0
43.424693110218136,378.0,29.0,53.0,0.0
43.567217133239375,378.0,28.0,54.0,0.0
43.576988462819095,378.0,28.0,53.0,0.0
43.63871466008822,378.0,28.0,52.0,0.0
43.66968635614356,378.0,28.0,51.0,0.0
43.671786862058,377.0,29.0,51.0,0.0
43.804716930434374,377.0,29.0,50.0,0.0
43.918565316338174,377.0,28.0,51.0,0.0
43.96525586145017,376.0,29.0,51.0,0.0
44.16953615645989,376.0,28.0,52.0,0.0
44.248646003710405,376.0,27.0,53.0,0.0
44.267245923298844,376.0,26.0,54.0,0.0
44.360922341802755,376.0,26.0,53.0,0.0
44.41330573560187,376.0,26.0,52.0,0.0
44.54561470969361,376.0,26.0,51.0,0.0
44.57568447294177,376.0,26.0,50.0,0.0
44.66220754187757,376.0,26.0,49.0,0.0
44.697429079480926,376.0,25.0,50.0,0.0
44.751286467201616,376.0,25.0,49.0,0.0
44.79342136692537,376.0,25.0,48.0,0.0
44.85380947261983,376.0,25.0,47.0,0.0
44.88207723091946,375.0,26.0,47.0,0.0
44.927851158860726,375.0,26.0,46.0,0.0
45.02982863300282,375.0,25.0,47.0,0.0
45.13532995829203,374.0,26.0,47.0,0.0
45.16339958877614,374.0,25.0,48.0,0.0
45.34331758002124,374.0,25.0,47.0,0.0
45.371974465584245,374.0,24.0,48.0,0.0
45.44280082567804,373.0,25.0,48.0,0.0
45.57891292095188,372.0,26.0,48.0,0.0
45.80142091541112,372.0,26.0,47.0,0.0
45.97616337156283,371.0,27.0,47.0,0.0
46.10933904555231,371.0,27.0,46.0,0.0
46.22217168365046,371.0,27.0,45.0,0.0
46.26246207897178,370.0,28.0,45.0,0.0
46.37780907903261,370.0,27.0,46.0,0.0
46.38103150650099,370.0,27.0,45.0,0.0
46.46313102452506,370.0,27.0,44.0,0.0
46.47055140423853,370.0,27.0,43.0,0.0
46.520377079502076,370.0,26.0,44.0,0.0
46.55131716031906,370.0,25.0,45.0,0.0
46.55172324617176,370.0,25.0,44.0,0.0
46.5692851047484,370.0,25.0,43.0,0.0
46.628349871668334,370.0,25.0,42.0,0.0
46.632853473970755,370.0,25.0,41.0,0.0
46.706887143579245,370.0,24.0,42.0,0.0
46.73405847292713,369.0,25.0,42.0,0.0
46.770630358960034,368.0,26.0,42.0,0.0
46.77909549516069,368.0,26.0,41.0,0.0
46.97027113408153,367.0,27.0,41.0,0.0
47.108522269720865,367.0,26.0,42.0,0.0
47.35791991225974,367.0,26.0,41.0,0.0
47.36208189232508,366.0,27.0,41.0,0.0
47.51665685274815,366.0,27.0,40.0,0.0
47.56985778703449,366.0,27.0,39.0,0.0
47.63638026281031,366.0,26.0,40.0,0.0
47.81026657882961,366.0,25.0,41.0,0.0
47.81383697766676,366.0,25.0,40.0,0.0
47.962867374378845,366.0,24.0,41.0,0.0
48.00997643305944,366.0,24.0,40.0,0.0
48.12297642372605,366.0,23.0,41.0,0.0
48.16352079119325,366.0,23.0,40.0,0.0
48.25220247077949,366.0,22.0,41.0,0.0
48.30622664546114,366.0,21.0,42.0,0.0
48.37228476371785,366.0,20.0,43.0,0.0
48.48089792953321,366.0,19.0,44.0,0.0
48.55693234234463,366.0,18.0,45.0,0.0
48.69615552971219,366.0,18.0,44.0,0.0
48.69892613704903,366.0,18.0,43.0,0.0
48.75243127609439,366.0,18.0,42.0,0.0
48.77652025098782,365.0,19.0,42.0,0.0
48.844890846143244,365.0,18.0,43.0,0.0
49.05596176437781,365.0,18.0,42.0,0.0
49.061163319897986,365.0,17.0,43.0,0.0
49.156085483058554,364.0,18.0,43.0,0.0
49.192071699786176,364.0,17.0,44.0,0.0
49.20938637665924,364.0,17.0,43.0,0.0
49.22078540643909,364.0,16.0,44.0,0.0
49.32094337385451,364.0,16.0,43.0,0.0
49.40594339046526,364.0,16.0,42.0,0.0
49.42200402964028,363.0,17.0,42.0,0.0
49.46110712613121,363.0,17.0,41.0,0.0
49.66996203858861,363.0,17.0,40.0,0.0
49.84319492117051,362.0,18.0,40.0,0.0
50.06492653249957,362.0,17.0,41.0,0.0
50.126452271553816,362.0,17.0,40.0,0.0
50.458487490146275,361.0,18.0,40.0,0.0
50.48409195367394,360.0,19.0,40.0,0.0
50.5163022307573,360.0,18.0,41.0,0.0
50.63858278784193,360.0,17.0,42.0,0.0
50.697822664686065,360.0,16.0,43.0,0.0
50.96569794511415,360.0,16.0,42.0,0.0
50.97687511748588,360.0,16.0,41.0,0.0
51.18697849172483,360.0,15.0,42.0,0.0
51.51216854700545,359.0,16.0,42.0,0.0
51.512794878070046,359.0,15.0,43.0,0.0
51.536271353980325,359.0,15.0,42.0,0.0
51.5584915800094,359.0,14.0,43.0,0.0
51.56984720558685,359.0,14.0,42.0,0.0
51.61362180881269,359.0,14.0,41.0,0.0
51.69091283464343,359.0,14.0,40.0,0.0
51.89670301904965,358.0,15.0,40.0,0.0
51.90242006142677,358.0,15.0,39.0,0.0
52.226331931208655,358.0,15.0,38.0,0.0
52.43672454292896,358.0,14.0,39.0,0.0
52.44060381124482,358.0,14.0,38.0,0.0
52.6775981834613,357.0,15.0,38.0,0.0
52.709273908699345,356.0,16.0,38.0,0.0
52.71464524054055,356.0,15.0,39.0,0.0
52.79932044786045,355.0,16.0,39.0,0.0
52.81737080018547,354.0,17.0,39.0,0.0
52.86527918555763,353.0,18.0,39.0,0.0
52.8924891055809,353.0,17.0,40.0,0.0
52.92986184701311,353.0,16.0,41.0,0.0
52.96761327530727,353.0,16.0,40.0,0.0
53.02807860168391,353.0,16.0,39.0,0.0
53.03343171216876,353.0,16.0,38.0,0.0
53.393906026133685,353.0,15.0,39.0,0.0
53.48563892294658,353.0,14.0,40.0,0.0
53.49242158736333,353.0,14.0,39.0,0.0
53.534616731990226,353.0,14.0,38.0,0.0
53.612325185373486,353.0,13.0,39.0,0.0
53.76069474624664,352.0,14.0,39.0,0.0
53.899995437049036,351.0,15.0,39.0,0.0
53.92383651475589,351.0,15.0,38.0,0.0
54.47524785618082,351.0,14.0,39.0,0.0
54.49995490571263,351.0,14.0,38.0,0.0
54.694167522473414,351.0,14.0,37.0,0.0
54.91237848789957,351.0,14.0,36.0,0.0
55.05069297387567,351.0,14.0,35.0,0.0
55.144477230221554,351.0,14.0,34.0,0.0
55.1791284915721,350.0,15.0,34.0,0.0
55.194029870834584,350.0,15.0,33.0,0.0
55.236633448455144,350.0,15.0,32.0,0.0
55.33546215493737,350.0,14.0,33.0,0.0
55.35642334476369,350.0,14.0,32.0,0.0
55.412973149331286,350.0,14.0,31.0,0.0
55.42712704879297,350.0,13.0,32.0,0.0
55.49837968633813,350.0,13.0,31.0,0.0
55.636283477619244,350.0,13.0,30.0,0.0
55.70013153309921,350.0,12.0,31.0,0.0
55.70393488559056,350.0,12.0,30.0,0.0
55.92222564383424,350.0,11.0,31.0,0.0
55.94474845320037,350.0,11.0,30.0,0.0
56.007902421138894,350.0,11.0,29.0,0.0
56.01397014930066,349.0,12.0,29.0,0.0
56.01933897963592,349.0,11.0,30.0,0.0
56.05915115818866,349.0,11.0,29.0,0.0
56.2185077743075,348.0,12.0,29.0,0.0
56.28769173533945,348.0,11.0,30.0,0.0
56.30984704115335,348.0,11.0,29.0,0.0
56.457329402385675,347.0,12.0,29.0,0.0
56.4734723523124,347.0,12.0,28.0,0.0
56.50429614629228,347.0,11.0,29.0,0.0
56.53899498430863,347.0,10.0,30.0,0.0
56.7166326979915,347.0,10.0,29.0,0.0
56.79933034998959,347.0,9.0,30.0,0.0
56.910307154014745,347.0,9.0,29.0,0.0
56.98578071893479,347.0,9.0,28.0,0.0
57.01360926597582,347.0,9.0,27.0,0.0
57.344127314733704,346.0,10.0,27.0,0.0
57.39795178228589,346.0,10.0,26.0,0.0
57.478781193066034,346.0,10.0,25.0,0.0
57.80726675457843,346.0,10.0,24.0,0.0
57.87740742691379,345.0,11.0,24.0,0.0
57.9228354216559,344.0,12.0,24.0,0.0
57.99050439746348,344.0,12.0,23.0,0.0
58.303535343119464,344.0,12.0,22.0,0.0
58.46302683453328,344.0,12.0,21.0,0.0
58.56025101190727,344.0,11.0,22.0,0.0
58.56521220383177,344.0,10.0,23.0,0.0
59.05666379260994,344.0,10.0,22.0,0.0
59.10775413140598,344.0,9.0,23.0,0.0
59.1982650628319,344.0,8.0,24.0,0.0
59.24805278338303,344.0,8.0,23.0,0.0
59.45622210072498,343.0,9.0,23.0,0.0
59.48825663679173,343.0,9.0,22.0,0.0
59.53356560998435,343.0,8.0,23.0,0.0
59.64856860638467,343.0,8.0,22.0,0.0
59.745702602872896,342.0,9.0,22.0,0.0
59.74898073942507,341.0,10.0,22.0,0.0
59.86880484907295,340.0,11.0,22.0,0.0
59.869856174902935,340.0,11.0,21.0,0.0
59.990292023873224,340.0,11.0,20.0,0.0
60.47938662075245,340.0,10.0,21.0,0.0
60.648708724356226,340.0,9.0,22.0,0.0
60.744826928724585,340.0,8.0,23.0,0.0
61.05378073796271,339.0,9.0,23.0,0.0
61.34697915354272,339.0,9.0,22.0,0.0
61.61434883031937,339.0,9.0,21.0,0.0
61.79045995306052,339.0,9.0,20.0,0.0
62.04656402654124,339.0,8.0,21.0,0.0
62.36659535295041,338.0,9.0,21.0,0.0
62.402232276134924,338.0,9.0,20.0,0.0
62.57441220912054,338.0,9.0,19.0,0.0
63.14233467291998,338.0,9.0,18.0,0.0
63.46679328649682,338.0,8.0,19.0,0.0
63.66930775941195,338.0,8.0,18.0,0.0
63.68245357790095,338.0,8.0,17.0,0.0
64.45221631139876,337.0,9.0,17.0,0.0
64.77911302275085,337.0,8.0,18.0,0.0
65.08095951334792,337.0,7.0,19.0,0.0
65.33629382618557,337.0,7.0,18.0,0.0
65.44920157297604,337.0,6.0,19.0,0.0
65.52396647684631,337.0,6.0,18.0,0.0
65.62329210337639,337.0,5.0,19.0,0.0
65.82469497316939,336.0,6.0,19.0,0.0
65.93489858236478,336.0,6.0,18.0,0.0
66.02885206243741,336.0,6.0,17.0,0.0
66.15194403736656,336.0,6.0,16.0,0.0
66.20753634156372,336.0,5.0,17.0,0.0
66.31636379527552,336.0,4.0,18.0,0.0
67.51780251940225,336.0,4.0,17.0,0.0
68.07015602655808,335.0,5.0,17.0,0.0
68.09542506451722,334.0,6.0,17.0,0.0
68.31400447103698,334.0,6.0,16.0,0.0
68.36402040775802,333.0,7.0,16.0,0.0
68.43402526551579,333.0,7.0,15.0,0.0
68.86450347644019,333.0,7.0,14.0,0.0
68.93993957150133,333.0,6.0,15.0,0.0
69.1413433880891,333.0,5.0,16.0,0.0
69.14350246294205,332.0,6.0,16.0,0.0
69.43248904301971,332.0,6.0,15.0,0.0
69.60163387322453,332.0,6.0,14.0,0.0
70.04933720323454,332.0,6.0,13.0,0.0
70.15345815254273,332.0,5.0,14.0,0.0
70.41972929134148,331.0,6.0,14.0,0.0
70.80197784378652,331.0,6.0,13.0,0.0
70.8837631027328,331.0,5.0,14.0,0.0
70.89125699974446,331.0,5.0,13.0,0.0
71.64618273600277,331.0,4.0,14.0,0.0
71.97858373696374,331.0,3.0,15.0,0.0
72.3448028667188,330.0,4.0,15.0,0.0
72.46611627248681,329.0,5.0,15.0,0.0
73.2904290302865,329.0,5.0,14.0,0.0
73.49207200556702,329.0,5.0,13.0,0.0
73.58087836355374,329.0,4.0,14.0,0.0
73.71211248733437,329.0,3.0,15.0,0.0
74.25512423449295,329.0,3.0,14.0,0.0
74.26064775822915,329.0,3.0,13.0,0.0
74.36298604385944,329.0,3.0,12.0,0.0
74.89217255921679,329.0,2.0,13.0,0.0
74.91990142349812,329.0,2.0,12.0,0.0
75.00183613077358,329.0,1.0,13.0,0.0
75.00553638567952,329.0,1.0,12.0,0.0
75.39070018134784,328.0,2.0,12.0,0.0
75.46943990766499,328.0,2.0,11.0,0.0
75.83855255126754,327.0,3.0,11.0,0.0
76.25390641065347,327.0,3.0,10.0,0.0
76.47387448622341,327.0,3.0,9.0,0.0
76.63689566823338,327.0,3.0,8.0,0.0
76.72878471409406,327.0,3.0,7.0,0.0
76.8054261667514,327.0,3.0,6.0,0.0
77.62720341037024,326.0,4.0,6.0,0.0
77.97831721996177,326.0,4.0,5.0,0.0
77.99836883484006,326.0,3.0,6.0,0.0
78.04383732933948,326.0,3.0,5.0,0.0
78.39141979336367,326.0,2.0,6.0,0.0
79.35345841345253,326.0,2.0,5.0,0.0
79.88871542894236,326.0,2.0,4.0,0.0
80.7566042974853,326.0,1.0,5.0,0.0
81.12960514960334,326.0,1.0,4.0,0.0
81.61748092240353,326.0,0.0,5.0,0.0
82.09560307782974,326.0,0.0,4.0,0.0
83.46096396671511,326.0,0.0,3.0,0.0
83.98599625034095,325.0,1.0,3.0,0.0
83.99457528956988,324.0,2.0,3.0,0.0
84.10903978358203,324.0,1.0,4.0,0.0
84.22642074087484,323.0,2.0,4.0,0.0
84.31859636664949,322.0,3.0,4.0,0.0
84.72643355908153,322.0,3.0,3.0,0.0
86.07542101109502,322.0,3.0,2.0,0.0
86.45799063406358,322.0,2.0,3.0,0.0
86.67828275971893,322.0,2.0,2.0,0.0
86.81893477053197,322.0,1.0,3.0,0.0
87.83913608546875,322.0,1.0,2.0,0.0
88.00910547041471,322.0,1.0,1.0,0.0
88.27480441963522,322.0,0.0,2.0,0.0
92.98398389131259,322.0,0.0,1.0,0.0
94.39056703628071,322.0,0.0,0.0,0.0
94.40056703628072,322.0,0.0,0.0,0.0
94.41056703628072,322.0,0.0,0.0,0.0
94.42056703628073,322.0,0.0,0.0,0.0
94.43056703628073,322.0,0.0,0.0,0.0
94.44056703628074,322.0,0.0,0.0,0.0
94.45056703628075,322.0,0.0,0.0,0.0
94.46056703628075,322.0,0.0,0.0,0.0
94.47056703628076,322.0,0.0,0.0,0.0
94.48056703628076,322.0,0.0,0.0,0.0
94.49056703628077,322.0,0.0,0.0,0.0
94.50056703628077,322.0,0.0,0.0,0.0
94.51056703628078,322.0,0.0,0.0,0.0
94.52056703628078,322.0,0.0,0.0,0.0
94.53056703628079,322.0,0.0,0.0,0.0
94.54056703628079,322.0,0.0,0.0,0.0
94.5505670362808,322.0,0.0,0.0,0.0
94.5605670362808,322.0,0.0,0.0,0.0
94.5705670362808,322.0,0.0,0.0,0.0
94.58056703628081,322.0,0.0,0.0,0.0
94.59056703628082,322.0,0.0,0.0,0.0
94.60056703628082,322.0,0.0,0.0,0.0
94.61056703628083,322.0,0.0,0.0,0.0
94.62056703628083,322.0,0.0,0.0,0.0
94.63056703628084,322.0,0.0,0.0,0.0
94.64056703628084,322.0,0.0,0.0,0.0
94.65056703628085,322.0,0.0,0.0,0.0
94.66056703628085,322.0,0.0,0.0,0.0
94.67056703628086,322.0,0.0,0.0,0.0
94.68056703628086,322.0,0.0,0.0,0.0
94.69056703628087,322.0,0.0,0.0,0.0
94.70056703628087,322.0,0.0,0.0,0.0
94.71056703628088,322.0,0.0,0.0,0.0
94.72056703628088,322.0,0.0,0.0,0.0
94.73056703628089,322.0,0.0,0.0,0.0
94.7405670362809,322.0,0.0,0.0,0.0
94.7505670362809,322.0,0.0,0.0,0.0
94.7605670362809,322.0,0.0,0.0,0.0
94.77056703628091,322.0,0.0,0.0,0.0
94.78056703628091,322.0,0.0,0.0,0.0
94.79056703628092,322.0,0.0,0.0,0.0
94.80056703628092,322.0,0.0,0.0,0.0
94.81056703628093,322.0,0.0,0.0,0.0
94.82056703628093,322.0,0.0,0.0,0.0
94.83056703628094,322.0,0.0,0.0,0.0
94.84056703628094,322.0,0.0,0.0,0.0
94.85056703628095,322.0,0.0,0.0,0.0
94.86056703628095,322.0,0.0,0.0,0.0
94.87056703628096,322.0,0.0,0.0,0.0
94.88056703628096,322.0,0.0,0.0,0.0
94.89056703628097,322.0,0.0,0.0,0.0
94.90056703628098,322.0,0.0,0.0,0.0
94.91056703628098,322.0,0.0,0.0,0.0
94.92056703628099,322.0,0.0,0.0,0.0
94.93056703628099,322.0,0.0,0.0,0.0
94.940567036281,322.0,0.0,0.0,0.0
94.950567036281,322.0,0.0,0.0,0.0
94.960567036281,322.0,0.0,0.0,0.0
94.97056703628101,322.0,0.0,0.0,0.0
94.98056703628102,322.0,0.0,0.0,0.0
94.99056703628102,322.0,0.0,0.0,0.0
95.00056703628103,322.0,0.0,0.0,0.0
95.01056703628103,322.0,0.0,0.0,0.0
95.02056703628104,322.0,0.0,0.0,0.0
95.03056703628104,322.0,0.0,0.0,0.0
95.04056703628105,322.0,0.0,0.0,0.0
95.05056703628105,322.0,0.0,0.0,0.0
